Workbook

Sheet Full
B1: Kartu Barang
A3: 1 | B3: Nama Barang : | C3: Amplop putih 90
B4: Satuan : | C4: box
B6: Tanggal | C6: Harga Pembelian per satuan | D6: Jumlah Barang | G6: Nilai Penerimaan Barang Persediaan
D7: Masuk | E7: Keluar | F7: Sisa
B8: 46024 | C8: 27750 | D8: 2 | F8: =D8-E8 -> 2 | G8: =C8*D8 -> 55500
G9: =C9*D9 -> 0
G10: =C10*D10 -> 0
G11: =C11*D11 -> 0
G12: =C12*D12 -> 0
G13: =C13*D13 -> 0
G14: =C14*D14 -> 0
G15: =C15*D15 -> 0
G16: =C16*D16 -> 0
G17: =C17*D17 -> 0
G18: =C18*D18 -> 0
G19: =C19*D19 -> 0
G20: =C20*D20 -> 0
... G25: =C25*D25 -> 0
H32: 0 | I32: sekretariat
H33: 0 | I33: Upt rusunawa
H34: 0 | I34: Bidang perumahan
H35: 1 | I35: Bidang Permukiman
B36: Jumlah | D36: =SUM(D8:D35) -> 2 | E36: =SUM(E8:E35) -> 0 | F36: =D36-E36 -> 2 | G36: =SUM(G8:G31) -> 55500 | H36: 0 | I36: upt makam
B38: Keterangan | F38: Jumlah | G38: Nilai
B39: Saldo Awal 2 Jan 2026 | F39: =D8 -> 2 | G39: =G8 -> 55500
B40: Nilai Penerimaan Barang Persediaan Tahun 2026 | F40: =D36-F39 -> 0 | G40: =G36-G39 -> 0
B41: Saldo Akhir 31 Maret 2026 | F41: =SUM(B44:B47) -> 2 | G41: =SUM(D44:E47) -> 55500
B42: Rincian: Metode Penilaian FIFO
B43: Jumlah Barang | C43: Harga Satuan | D43: Nilai
B44: =F36 -> 2 | C44: 27750 | D44: =B44*C44 -> 55500
B48: Persediaan Yang Digunakan (Beban Persediaan) | F48: =F39+F40-F41 -> 0 | G48: =G39+G40-G41 -> 0
B50: Kartu Barang
A52: 2 | B52: Nama Barang : | C52: ='Rekap Master'!B11 -> Amplop putih 104
B53: Satuan : | C53: box
B55: Tanggal | C55: Harga Pembelian per satuan | D55: Jumlah Barang | G55: Nilai Penerimaan Barang Persediaan
D56: Masuk | E56: Keluar | F56: Sisa
B57: =B8 -> 46024 | C57: 21800 | D57: 9 | E57: 0 | F57: =D57-E57 -> 9 | G57: =C57*D57 -> 196200
G58: =C58*D58 -> 0
G59: =C59*D59 -> 0
G60: =C60*D60 -> 0
G61: =C61*D61 -> 0
G62: =C62*D62 -> 0
G63: =C63*D63 -> 0
G64: =C64*D64 -> 0
G65: =C65*D65 -> 0
G66: =C66*D66 -> 0
G67: =C67*D67 -> 0
G68: =C68*D68 -> 0
G70: =C70*D70 -> 0
... G73: =C73*D73 -> 0
F74: =F73+D74-E74 -> 0 | G74: =C74*D74 -> 0
G75: =C75*D75 -> 0
G76: =C76*D76 -> 0 | H76: 0 | I76: sekretariat
G77: =C77*D77 -> 0 | H77: 0 | I77: Upt rusunawa
G78: =C78*D78 -> 0 | H78: 0 | I78: Bidang perumahan
G79: =C79*D79 -> 0 | H79: 0 | I79: Bidang Permukiman
B80: Jumlah | D80: =SUM(D57:D79) -> 9 | E80: =SUM(E57:E78) -> 0 | F80: =D80-E80 -> 9 | G80: =SUM(G57:G79) -> 196200 | H80: 0 | I80: upt makam
B82: Keterangan | F82: Jumlah | G82: Nilai
B83: =B39 -> Saldo Awal 2 Jan 2026 | F83: =D57 -> 9 | G83: =G57 -> 196200
B84: =B40 -> Nilai Penerimaan Barang Persediaan Tahun 2026 | F84: =D80-F83 -> 0 | G84: =G80-G83 -> 0
B85: =B41 -> Saldo Akhir 31 Maret 2026 | F85: =SUM(B88:B90) -> 9 | G85: =SUM(D88:E91) -> 196200
B86: Rincian: Metode Penilaian FIFO
B87: Jumlah Barang | C87: Harga Satuan | D87: Nilai
B88: =F80 -> 9 | C88: 21800 | D88: =B88*C88 -> 196200
D91: =B91*C91 -> 0
B92: Persediaan Yang Digunakan (Beban Persediaan) | F92: =F83+F84-F85 -> 0 | G92: =G83+G84-G85 -> 0
B94: Kartu Barang
A96: 3 | B96: Nama Barang : | C96: ='Rekap Master'!B12 -> Binderclips Joyko 260
B97: Satuan : | C97: pak
B99: Tanggal | C99: Harga Pembelian per satuan | D99: Jumlah Barang | G99: Nilai Penerimaan Barang Persediaan
D100: Masuk | E100: Keluar | F100: Sisa
B101: =B57 -> 46024 | C101: 22755 | D101: 7 | E101: 0 | F101: =D101-E101 -> 7 | G101: =C101*D101 -> 159285
G102: =C102*D102 -> 0
G103: =C103*D103 -> 0
G104: =C104*D104 -> 0
G105: =C105*D105 -> 0
G106: =C106*D106 -> 0
G107: =C107*D107 -> 0
G108: =C108*D108 -> 0
G109: =C109*D109 -> 0
G110: =D110*C110 -> 0
G111: =D111*C111 -> 0
G112: =D112*C112 -> 0
G114: =C114*D114 -> 0
G116: =C116*D116 -> 0
G117: =C117*D117 -> 0
G118: =C118*D118 -> 0 | H118: 7 | I118: sekretariat
G119: =C119*D119 -> 0 | H119: 0 | I119: Upt rusunawa
H120: 0 | I120: Bidang perumahan
B121: Jumlah | D121: =SUM(D101:D120) -> 7 | E121: =SUM(E101:E120) -> 0 | F121: =D121-E121 -> 7 | G121: =SUM(G101:G120) -> 159285 | H121: 0 | I121: Bidang Permukiman
H122: 0 | I122: upt makam
B123: Keterangan | F123: Jumlah | G123: Nilai
B124: =B83 -> Saldo Awal 2 Jan 2026 | F124: =D101 -> 7 | G124: =G101 -> 159285
B125: =B84 -> Nilai Penerimaan Barang Persediaan Tahun 2026 | F125: =D121-F124 -> 0 | G125: =G121-G124 -> 0
B126: =B85 -> Saldo Akhir 31 Maret 2026 | F126: =D121-E121 -> 7 | G126: =SUM(D129:E132) -> 159285
B127: Rincian: Metode Penilaian FIFO
B128: Jumlah Barang | C128: Harga Satuan | D128: Nilai
B129: =F121 -> 7 | C129: 22755 | D129: =B129*C129 -> 159285
D130: =B130*C130 -> 0
...

Sheet Rekap Full
B1: Kartu Barang
A3: 1 | B3: Nama Barang : | C3: Amplop putih 90 | N3: ATK
B4: Satuan : | C4: box | N4: =N3 -> ATK
N5: =N4 -> ATK
B6: Tanggal | C6: Harga Pembelian per satuan | D6: Jumlah Barang | G6: Nilai Penerimaan Barang Persediaan | N6: =N5 -> ATK
D7: Masuk | E7: Keluar | F7: Sisa | N7: =N6 -> ATK
B8: 46024 | C8: 27750 | D8: 2 | F8: =D8-E8 -> 2 | G8: =C8*D8 -> 55500 | N8: =N7 -> ATK
G9: =C9*D9 -> 0 | N9: =N8 -> ATK
G10: =C10*D10 -> 0 | N10: =N9 -> ATK
G11: =C11*D11 -> 0 | N11: =N10 -> ATK
G12: =C12*D12 -> 0 | N12: =N11 -> ATK
G13: =C13*D13 -> 0 | N13: =N12 -> ATK
G14: =C14*D14 -> 0 | N14: =N13 -> ATK
G15: =C15*D15 -> 0 | N15: =N14 -> ATK
G16: =C16*D16 -> 0 | N16: =N15 -> ATK
G17: =C17*D17 -> 0 | N17: =N16 -> ATK
G18: =C18*D18 -> 0 | N18: =N17 -> ATK
G19: =C19*D19 -> 0 | N19: =N18 -> ATK
G20: =C20*D20 -> 0 | N20: =N19 -> ATK
... G25: =C25*D25 -> 0 | N25: =N24 -> ATK
N26: =N25 -> ATK
N27: =N26 -> ATK
N28: =N27 -> ATK
N29: =N28 -> ATK
N30: =N29 -> ATK
N31: =N30 -> ATK
H32: 0 | I32: sekretariat | N32: =N31 -> ATK
H33: 0 | I33: Upt rusunawa | N33: =N32 -> ATK
H34: 0 | I34: Bidang perumahan | N34: =N33 -> ATK
H35: 1 | I35: Bidang Permukiman | N35: =N34 -> ATK
B36: Jumlah | D36: =SUM(D8:D35) -> 2 | E36: =SUM(E8:E35) -> 0 | F36: =D36-E36 -> 2 | G36: =SUM(G8:G31) -> 55500 | H36: 0 | I36: upt makam | N36: =N35 -> ATK
N37: =N36 -> ATK
B38: Keterangan | F38: Jumlah | G38: Nilai | N38: =N37 -> ATK
B39: Saldo Awal 2 Jan 2026 | F39: =D8 -> 2 | G39: =G8 -> 55500 | N39: =N38 -> ATK
B40: Nilai Penerimaan Barang Persediaan Tahun 2026 | F40: =D36-F39 -> 0 | G40: =G36-G39 -> 0 | N40: =N39 -> ATK
B41: Saldo Akhir 31 Maret 2026 | F41: =SUM(B44:B47) -> 2 | G41: =SUM(D44:E47) -> 55500 | N41: =N40 -> ATK
B42: Rincian: Metode Penilaian FIFO | N42: =N41 -> ATK
B43: Jumlah Barang | C43: Harga Satuan | D43: Nilai | N43: =N42 -> ATK
B44: =F36 -> 2 | C44: 27750 | D44: =B44*C44 -> 55500 | N44: =N43 -> ATK
N45: =N44 -> ATK
N46: =N45 -> ATK
N47: =N46 -> ATK
B48: Persediaan Yang Digunakan (Beban Persediaan) | F48: =F39+F40-F41 -> 0 | G48: =G39+G40-G41 -> 0 | N48: =N47 -> ATK
N49: =N48 -> ATK
B50: Kartu Barang | N50: =N49 -> ATK
N51: =N50 -> ATK
A52: 2 | B52: Nama Barang : | C52: ='Rekap Master'!B11 -> Amplop putih 104 | N52: ATK
B53: Satuan : | C53: box | N53: =N52 -> ATK
N54: =N53 -> ATK
B55: Tanggal | C55: Harga Pembelian per satuan | D55: Jumlah Barang | G55: Nilai Penerimaan Barang Persediaan | N55: =N54 -> ATK
D56: Masuk | E56: Keluar | F56: Sisa | N56: =N55 -> ATK
B57: =B8 -> 46024 | C57: 21800 | D57: 9 | E57: 0 | F57: =D57-E57 -> 9 | G57: =C57*D57 -> 196200 | N57: =N56 -> ATK
G58: =C58*D58 -> 0 | N58: =N57 -> ATK
G59: =C59*D59 -> 0 | N59: =N58 -> ATK
G60: =C60*D60 -> 0 | N60: =N59 -> ATK
G61: =C61*D61 -> 0 | N61: =N60 -> ATK
G62: =C62*D62 -> 0 | N62: =N61 -> ATK
G63: =C63*D63 -> 0 | N63: =N62 -> ATK
G64: =C64*D64 -> 0 | N64: =N63 -> ATK
G65: =C65*D65 -> 0 | N65: =N64 -> ATK
G66: =C66*D66 -> 0 | N66: =N65 -> ATK
G67: =C67*D67 -> 0 | N67: =N66 -> ATK
G68: =C68*D68 -> 0 | N68: =N67 -> ATK
N69: =N68 -> ATK
G70: =C70*D70 -> 0 | N70: =N69 -> ATK
G71: =C71*D71 -> 0 | N71: =N70 -> ATK
G72: =C72*D72 -> 0 | N72: =N71 -> ATK
G73: =C73*D73 -> 0 | N73: =N72 -> ATK
F74: =F73+D74-E74 -> 0 | G74: =C74*D74 -> 0 | N74: =N73 -> ATK
G75: =C75*D75 -> 0 | N75: =N74 -> ATK
G76: =C76*D76 -> 0 | H76: 0 | I76: sekretariat | N76: =N75 -> ATK
G77: =C77*D77 -> 0 | H77: 0 | I77: Upt rusunawa | N77: =N76 -> ATK
G78: =C78*D78 -> 0 | H78: 0 | I78: Bidang perumahan | N78: =N77 -> ATK
G79: =C79*D79 -> 0 | H79: 0 | I79: Bidang Permukiman | N79: =N78 -> ATK
B80: Jumlah | D80: =SUM(D57:D79) -> 9 | E80: =SUM(E57:E78) -> 0 | F80: =D80-E80 -> 9 | G80: =SUM(G57:G79) -> 196200 | H80: 0 | I80: upt makam | N80: =N79 -> ATK
N81: =N80 -> ATK
B82: Keterangan | F82: Jumlah | G82: Nilai | N82: =N81 -> ATK
B83: =B39 -> Saldo Awal 2 Jan 2026 | F83: =D57 -> 9 | G83: =G57 -> 196200 | N83: =N82 -> ATK
B84: =B40 -> Nilai Penerimaan Barang Persediaan Tahun 2026 | F84: =D80-F83 -> 0 | G84: =G80-G83 -> 0 | N84: =N83 -> ATK
B85: =B41 -> Saldo Akhir 31 Maret 2026 | F85: =SUM(B88:B90) -> 9 | G85: =SUM(D88:E91) -> 196200 | N85: =N84 -> ATK
B86: Rincian: Metode Penilaian FIFO | N86: =N85 -> ATK
B87: Jumlah Barang | C87: Harga Satuan | D87: Nilai | N87: =N86 -> ATK
B88: =F80 -> 9 | C88: 21800 | D88: =B88*C88 -> 196200 | N88: =N87 -> ATK
N89: =N88 -> ATK
N90: =N89 -> ATK
D91: =B91*C91 -> 0 | N91: =N90 -> ATK
B92: Persediaan Yang Digunakan (Beban Persediaan) | F92: =F83+F84-F85 -> 0 | G92: =G83+G84-G85 -> 0 | N92: =N91 -> ATK
N93: =N92 -> ATK
B94: Kartu Barang | N94: =N93 -> ATK
N95: =N94 -> ATK
A96: 3 | B96: Nama Barang : | C96: ='Rekap Master'!B12 -> Binderclips Joyko 260 | N96: ATK
B97: Satuan : | C97: pak | N97: =N96 -> ATK
N98: =N97 -> ATK
B99: Tanggal | C99: Harga Pembelian per satuan | D99: Jumlah Barang | G99: Nilai Penerimaan Barang Persediaan | N99: =N98 -> ATK
D100: Masuk | E100: Keluar | F100: Sisa | N100: =N99 -> ATK
B101: =B57 -> 46024 | C101: 22755 | D101: 7 | E101: 0 | F101: =D101-E101 -> 7 | G101: =C101*D101 -> 159285 | N101: =N100 -> ATK
G102: =C102*D102 -> 0 | N102: =N101 -> ATK
G103: =C103*D103 -> 0 | N103: =N102 -> ATK
G104: =C104*D104 -> 0 | N104: =N103 -> ATK
G105: =C105*D105 -> 0 | N105: =N104 -> ATK
...

Sheet Rekap Master
A1: LAPORAN MUTASI BARANG PERSEDIAAN
A2: ALAT TULIS KANTOR
A3: DINAS PERUMAHAN RAKYAT DAN KAWASAN PERMUKIMAN
A5: No | B5: Rincian Nama Persediaan | C5: Saldo Per 2 Januari 2024 | E5: Penambahan | G5: Pengurangan | I5: Saldo Per 30 Januari 2024 | K5: Hasil Stock Opname | N5: Selisih | P5: Keterangan
C7: Jumlah | D7: Nilai Persediaan (Rp) | E7: =C7 -> Jumlah | F7: =D7 -> Nilai Persediaan (Rp) | G7: =E7 -> Jumlah | H7: =F7 -> Nilai Persediaan (Rp) | I7: =G7 -> Jumlah | J7: =H7 -> Nilai Persediaan (Rp) | K7: =I7 -> Jumlah | L7: =J7 -> Nilai Persediaan (Rp) | M7: *Kondisi | N7: Jumlah | O7: Nilai Persediaan (Rp)
A9: 1 | B9: 2 | C9: 3 | D9: 4 | E9: 5 | F9: 6 | G9: 7 | H9: 8 | I9: 9 (3+5-7) | J9: 10 (4+6-8) | K9: 11 | L9: 12 | M9: 13 | N9: 14 (9-11) | O9: 15 (10-12) | P9: 16
A10: 1 | B10: Amplop putih 90 | C10: =Full!F39 -> 2 | D10: =Full!G39 -> 55500 | E10: =Full!F40 -> 0 | F10: =Full!G40 -> 0 | G10: =Full!F48 -> 0 | H10: =Full!G48 -> 0 | I10: =Full!F41 -> 2 | J10: =Full!G41 -> 55500 | K10: =I10 -> 2 | L10: =J10 -> 55500
A11: 2 | B11: Amplop putih 104 | C11: =Full!F83 -> 9 | D11: =Full!G83 -> 196200 | E11: =Full!F84 -> 0 | F11: =Full!G84 -> 0 | G11: =Full!F92 -> 0 | H11: =Full!G92 -> 0 | I11: =Full!F85 -> 9 | J11: =Full!G85 -> 196200 | K11: =I11 -> 9 | L11: =J11 -> 196200
A12: 3 | B12: Binderclips Joyko 260 | C12: =Full!F124 -> 7 | D12: =Full!G124 -> 159285 | E12: =Full!F125 -> 0 | F12: =Full!G125 -> 0 | G12: =Full!F133 -> 0 | H12: =Full!G133 -> 0 | I12: =Full!F126 -> 7 | J12: =Full!G126 -> 159285 | K12: =I12 -> 7 | L12: =J12 -> 159285
A13: 4 | B13: Ballpoint Snowman V-5 0,7 mm | C13: =Full!F156 -> 0 | D13: =Full!G156 -> 0 | E13: =Full!F157 -> 0 | F13: =Full!G157 -> 0 | G13: =Full!F165 -> 0 | H13: =Full!G165 -> 0 | I13: =Full!F158 -> 0 | J13: =Full!G158 -> 0 | K13: =I13 -> 0 | L13: =J13 -> 0
A14: 5 | B14: Ballpoint pentel plus isi | C14: =Full!F185 -> 0 | D14: =Full!G185 -> 0 | E14: =Full!F186 -> 0 | F14: =Full!G186 -> 0 | G14: =Full!F194 -> 0 | H14: =Full!G194 -> 0 | I14: =Full!F187 -> 0 | J14: =Full!G187 -> 0 | K14: =I14 -> 0 | L14: =J14 -> 0
A15: 6 | B15: Binder Clips 107 | C15: =Full!F226 -> 3 | D15: =Full!G226 -> 34500 | E15: =Full!F227 -> 0 | F15: =Full!G227 -> 0 | G15: =Full!F235 -> 0 | H15: =Full!G235 -> 0 | I15: =Full!F228 -> 3 | J15: =Full!G228 -> 34500 | K15: =I15 -> 3 | L15: =J15 -> 34500
A16: 7 | B16: Binderclips 200 | C16: =Full!F267 -> 5 | D16: =Full!G267 -> 70000 | E16: =Full!F268 -> 0 | F16: =Full!G268 -> 0 | G16: =Full!F276 -> 0 | H16: =Full!G276 -> 0 | I16: =Full!F269 -> 5 | J16: =Full!G269 -> 70000 | K16: =I16 -> 5 | L16: =J16 -> 70000
A17: 8 | B17: Binderclips Joyko 111 | C17: =Full!F303 -> 1 | D17: =Full!G303 -> 7215 | E17: =Full!F304 -> 0 | F17: =Full!G304 -> 0 | G17: =Full!F312 -> 0 | H17: =Full!G312 -> 0 | I17: =Full!F305 -> 1 | J17: =Full!G305 -> 7215 | K17: =I17 -> 1 | L17: =J17 -> 7215
A18: 9 | B18: Binderclips Joyko 155 | C18: =Full!F340 -> 0 | D18: =Full!G340 -> 0 | E18: =Full!F341 -> 0 | F18: =Full!G341 -> 0 | G18: =Full!F349 -> 0 | H18: =Full!G349 -> 0 | I18: =Full!F342 -> 0 | J18: =Full!G342 -> 0 | K18: =I18 -> 0 | L18: =J18 -> 0
A19: 10 | B19: Ballpoint Tezo | C19: =Full!F386 -> 4 | D19: =Full!G386 -> 22000 | E19: =Full!F387 -> 0 | F19: =Full!G387 -> 0 | G19: =Full!F395 -> 0 | H19: =Full!G395 -> 0 | I19: =Full!F388 -> 4 | J19: =Full!G388 -> 22000 | K19: =I19 -> 4 | L19: =J19 -> 22000
A20: 11 | B20: Buku kwitansi ppl sedang | C20: =Full!F417 -> 0 | D20: =Full!G417 -> 0 | E20: =Full!F418 -> 0 | F20: =Full!G418 -> 0 | G20: =Full!F426 -> 0 | H20: =Full!G426 -> 0 | I20: =Full!F419 -> 0 | J20: =Full!G419 -> 0 | K20: =I20 -> 0 | L20: =J20 -> 0
A21: 12 | B21: Buku Ekpedisi | C21: =Full!F446 -> 0 | D21: =Full!G446 -> 0 | E21: =Full!F447 -> 0 | F21: =Full!G447 -> 0 | G21: =Full!F455 -> 0 | H21: =Full!G455 -> 0 | I21: =Full!F448 -> 0 | J21: =Full!G448 -> 0 | K21: =I21 -> 0 | L21: =J21 -> 0
A22: 13 | B22: Cutter L-500 | C22: =Full!F484 -> 0 | D22: =Full!G484 -> 0 | E22: =Full!F485 -> 0 | F22: =Full!G485 -> 0 | G22: =Full!F493 -> 0 | H22: =Full!G493 -> 0 | I22: =Full!F486 -> 0 | J22: =Full!G486 -> 0 | K22: =I22 -> 0 | L22: =J22 -> 0
A23: 14 | B23: Cutter A-300 | C23: =Full!F520 -> 0 | D23: =Full!G520 -> 0 | E23: =Full!F521 -> 0 | F23: =Full!G521 -> 0 | G23: =Full!F529 -> 0 | H23: =Full!G529 -> 0 | I23: =Full!F522 -> 0 | J23: =Full!G522 -> 0 | K23: =I23 -> 0 | L23: =J23 -> 0
A24: 15 | B24: Luxe 32 GB Type c | C24: =Full!F550 -> 0 | D24: =Full!G550 -> 0 | E24: =Full!F551 -> 0 | F24: =Full!G551 -> 0 | G24: =Full!F559 -> 0 | H24: =Full!G559 -> 0 | I24: =Full!F552 -> 0 | J24: =Full!G552 -> 0 | K24: =I24 -> 0 | L24: =J24 -> 0
A25: 16 | B25: Isi cuter L 150 | C25: =Full!F581 -> 4 | D25: =Full!G581 -> 31080 | E25: =Full!F582 -> 0 | F25: =Full!G582 -> 0 | G25: =Full!F590 -> 0 | H25: =Full!G590 -> 0 | I25: =Full!F583 -> 4 | J25: =Full!G583 -> 31080 | K25: =I25 -> 4 | L25: =J25 -> 31080
A26: 17 | B26: Kertas NCR Top | C26: =Full!F621 -> 3 | D26: =Full!G621 -> 225000 | E26: =Full!F622 -> 0 | F26: =Full!G622 -> 0 | G26: =Full!F630 -> 0 | H26: =Full!G630 -> 0 | I26: =Full!F623 -> 3 | J26: =Full!G623 -> 225000 | K26: =I26 -> 3 | L26: =J26 -> 225000
A27: 18 | B27: Kertas HVS 70 gsm F4 | C27: =Full!F677 -> 25 | D27: =Full!G677 -> 1665000 | E27: =Full!F678 -> 22 | F27: =Full!G678 -> 1211343 | G27: =Full!F686 -> 15 | H27: =Full!G686 -> 745143 | I27: =Full!F679 -> 32 | J27: =Full!G679 -> 2131200 | K27: =I27 -> 32 | L27: =J27 -> 2131200
A28: 19 | B28: Kertas HVS 70 gsm A3 | C28: =Full!F717 -> 1 | D28: =Full!G717 -> 100000 | E28: =Full!F718 -> 0 | F28: =Full!G718 -> 0 | G28: =Full!F726 -> 0 | H28: =Full!G726 -> 0 | I28: =Full!F719 -> 1 | J28: =Full!G719 -> 100000 | K28: =I28 -> 1 | L28: =J28 -> 100000
A29: 20 | B29: Kertas HVS 70 gsm A4 | C29: =Full!F773 -> 0 | D29: =Full!G773 -> 0 | E29: =Full!F774 -> 24 | F29: =Full!G774 -> 1348650 | G29: =Full!F782 -> 17 | H29: =Full!G782 -> 925185 | I29: =Full!F775 -> 7 | J29: =Full!G775 -> 423465 | K29: =I29 -> 7 | L29: =J29 -> 423465
A30: 21 | B30: Kertas NCR Continuous 4 ply | C30: =Full!F818 -> 0 | D30: =Full!G818 -> 0 | E30: =Full!F819 -> 0 | F30: =Full!G819 -> 0 | G30: =Full!F827 -> 0 | H30: =Full!G827 -> 0 | I30: =Full!F820 -> 0 | J30: =Full!G820 -> 0 | K30: =I30 -> 0 | L30: =J30 -> 0
A31: 22 | B31: Lem Povinal Cair 75 ml | C31: =Full!F859 -> 11 | D31: =Full!G859 -> 61050 | E31: =Full!F860 -> 0 | F31: =Full!G860 -> 0 | G31: =Full!F868 -> 0 | H31: =Full!G868 -> 0 | I31: =Full!F861 -> 11 | J31: =Full!G861 -> 61050 | K31: =I31 -> 11 | L31: =J31 -> 61050
A32: 23 | B32: Odner Bagus | C32: =Full!F896 -> 11 | D32: =Full!G896 -> 385000 | E32: =Full!F897 -> 0 | F32: =Full!G897 -> 0 | G32: =Full!F905 -> 0 | H32: =Full!G905 -> 0 | I32: =Full!F898 -> 11 | J32: =Full!G898 -> 385000 | K32: =I32 -> 11 | L32: =J32 -> 385000
A33: 24 | B33: Penanda File Post-it | C33: =Full!F946 -> 4 | D33: =Full!G946 -> 31080 | E33: =Full!F947 -> 0 | F33: =Full!G947 -> 0 | G33: =Full!F955 -> 0 | H33: =Full!G955 -> 0 | I33: =Full!F948 -> 4 | J33: =Full!G948 -> 31080 | K33: =I33 -> 4 | L33: =J33 -> 31080
A34: 25 | B34: Pita Printer LX-300
A35: 26 | B35: Paperclips no 5 | C35: =Full!F1027 -> 3 | D35: =Full!G1027 -> 21900 | E35: =Full!F1028 -> 0 | F35: =Full!G1028 -> 0 | G35: =Full!F1036 -> 0 | H35: =Full!G1036 -> 0 | I35: =Full!F1029 -> 3 | J35: =Full!G1029 -> 21900 | K35: =I35 -> 3 | L35: =J35 -> 21900
A36: 27 | B36: Paperclips no 3 | C36: =Full!F1075 -> 0 | D36: =Full!G1075 -> 0 | E36: =Full!F1076 -> 0 | F36: =Full!G1076 -> 0 | G36: =Full!F1084 -> 0 | H36: =Full!G1084 -> 0 | I36: =Full!F1077 -> 0 | J36: =Full!G1077 -> 0 | K36: =I36 -> 0 | L36: =J36 -> 0
A37: 28 | B37: Buku Kwarto/Peper line kecil 200 lbr | C37: =Full!F1113 -> 0 | D37: =Full!G1113 -> 0 | E37: =Full!F1114 -> 0 | F37: =Full!G1114 -> 0 | G37: =Full!F1122 -> 0 | H37: =Full!G1122 -> 0 | I37: =Full!F1115 -> 0 | J37: =Full!G1115 -> 0
A38: 29 | B38: Map plastik L | C38: =Full!F1151 -> 26 | D38: =Full!G1151 -> 481000 | E38: =Full!F1152 -> 0 | F38: =Full!G1152 -> 0 | G38: =Full!F1160 -> 0 | H38: =Full!G1160 -> 0 | I38: =Full!F1153 -> 26 | J38: =Full!G1153 -> 481000 | K38: =I38 -> 26 | L38: =J38 -> 481000
A39: 30 | B39: Buku doubl folio 200 lbr | C39: =Full!F1185 -> 0 | D39: =Full!G1185 -> 0 | E39: =Full!F1186 -> 0 | F39: =Full!G1186 -> 0 | G39: =Full!F1194 -> 0 | H39: =Full!G1194 -> 0 | I39: =Full!F1187 -> 0 | J39: =Full!G1187 -> 0 | K39: =I39 -> 0 | L39: =J39 -> 0
A40: 31 | B40: Stopmap Folio Tebal | C40: =Full!F1222 -> 0 | D40: =Full!G1222 -> 0 | E40: =Full!F1223 -> 0 | F40: =Full!G1223 -> 0 | G40: =Full!F1231 -> 0 | H40: =Full!G1231 -> 0 | I40: =Full!F1224 -> 0 | J40: =Full!G1224 -> 0 | K40: =I40 -> 0 | L40: =J40 -> 0
A41: 32 | B41: Stabillo Boss | C41: =Full!F1260 -> 12 | D41: =Full!G1260 -> 132000 | E41: =Full!F1261 -> 3 | F41: =Full!G1261 -> 26640 | G41: =Full!F1269 -> 6 | H41: =Full!G1269 -> 59640 | I41: =Full!F1262 -> 9 | J41: =Full!G1262 -> 99000 | K41: =I41 -> 9 | L41: =J41 -> 99000
A42: 33 | B42: Clean holder 60 F4 Bantek | C42: =Full!F1292 -> 0 | D42: =Full!G1292 -> 0 | E42: =Full!F1293 -> 0 | F42: =Full!G1293 -> 0 | G42: =Full!F1301 -> 0 | H42: =Full!G1301 -> 0 | I42: =Full!F1294 -> 0 | J42: =Full!G1294 -> 0 | K42: =I42 -> 0 | L42: =J42 -> 0
A43: 34 | B43: Tinta printer Epson black 70 ml | C43: =Full!F1327 -> 0 | D43: =Full!G1327 -> 0 | E43: =Full!F1328 -> 0 | F43: =Full!G1328 -> 0 | G43: =Full!F1336 -> 0 | H43: =Full!G1336 -> 0 | I43: =Full!F1329 -> 0 | J43: =Full!G1329 -> 0 | K43: =I43 -> 0 | L43: =J43 -> 0
A44: 35 | B44: Tinta printer Epson warna | C44: =Full!F1364 -> 0 | D44: =Full!G1364 -> 0 | E44: =Full!F1365 -> 0 | F44: =Full!G1365 -> 0 | G44: =Full!F1373 -> 0 | H44: =Full!G1373 -> 0 | I44: =Full!F1366 -> 0 | J44: =Full!G1366 -> 0 | K44: =I44 -> 0 | L44: =J44 -> 0
A45: 36 | B45: Refill Ink Genuine EPSON L -series
A46: 37 | B46: Staples Max HD-10 | C46: =Full!F1435 -> 2 | D46: =Full!G1435 -> 71040 | E46: =Full!F1436 -> 0 | F46: =Full!G1436 -> 0 | G46: =Full!F1444 -> 0 | H46: =Full!G1444 -> 0 | I46: =Full!F1437 -> 2 | J46: =Full!G1437 -> 71040 | K46: =I46 -> 2 | L46: =J46 -> 71040
A47: 38 | B47: Spidol snoowman Boardmarker | C47: =Full!F1470 -> 5 | D47: =Full!G1454 -> 55000 | E47: =Full!F1471 -> 0 | F47: =Full!G1471 -> 0 | G47: =Full!F1479 -> 0 | H47: =Full!G1479 -> 0 | I47: =Full!F1472 -> 5 | J47: =Full!G1472 -> 55000 | K47: =I47 -> 5 | L47: =J47 -> 55000
A48: 39 | B48: Spidol snoowman Permanen | C48: =Full!F1507 -> 3 | D48: =Full!G1507 -> 30000 | E48: =Full!F1508 -> 0 | F48: =Full!G1508 -> 0 | G48: =Full!F1516 -> 0 | H48: =Full!G1516 -> 0 | I48: =Full!F1509 -> 3 | J48: =Full!G1509 -> 30000 | K48: =I48 -> 3 | L48: =J48 -> 30000
A49: 40 | B49: Plakband hitam | C49: =Full!F1545 -> 4 | D49: =Full!G1545 -> 62160 | E49: =Full!F1546 -> 0 | F49: =Full!G1546 -> 0 | G49: =Full!F1554 -> 0 | H49: =Full!G1554 -> 0 | I49: =Full!F1547 -> 4 | J49: =Full!G1547 -> 62160 | K49: =I49 -> 4 | L49: =J49 -> 62160
A50: 41 | B50: Penggaris besi 50 cm | C50: =Full!F1573 -> 1 | D50: =Full!G1573 -> 12500 | E50: =Full!F1574 -> 0 | F50: =Full!G1574 -> 0 | G50: =Full!F1582 -> 0 | H50: =Full!G1582 -> 0 | I50: =Full!F1575 -> 1 | J50: =Full!G1575 -> 12500 | K50: =I50 -> 1 | L50: =J50 -> 12500
A51: 42 | B51: Dokumen keeper resleting | C51: =Full!F1605 -> 6 | D51: =Full!G1605 -> 564000 | E51: =Full!F1606 -> 4 | F51: =Full!G1606 -> 261960 | G51: =Full!F1614 -> 9 | H51: =Full!G1614 -> 760470 | I51: =Full!F1607 -> 1 | J51: =Full!G1607 -> 65490 | K51: =I51 -> 1 | L51: =J51 -> 65490
A52: 43 | B52: Ballpoint Boldiner GEL | C52: =Full!F1650 -> 1 | D52: =Full!G1650 -> 5000 | E52: =Full!F1651 -> 0 | F52: =Full!G1651 -> 0 | G52: =Full!F1659 -> 0 | H52: =Full!G1659 -> 0 | I52: =Full!F1652 -> 1 | J52: =Full!G1652 -> 5000 | K52: =I52 -> 1 | L52: =J52 -> 5000
A53: 44 | B53: Mab bisnis file | C53: =Full!F1682 -> 80 | D53: =Full!G1682 -> 560000 | E53: =Full!F1683 -> 0 | F53: =Full!G1683 -> 0 | G53: =Full!F1691 -> 0 | H53: =Full!G1691 -> 0 | I53: =Full!F1684 -> 80 | J53: =Full!G1684 -> 560000 | K53: =I53 -> 80 | L53: =J53 -> 560000
A54: 45 | B54: Isi Staples MAX No.10 | C54: =Full!F1718 -> 41 | D54: =Full!G1718 -> 222999 | E54: =Full!F1719 -> 0 | F54: =Full!G1719 -> 0 | G54: =Full!F1727 -> 0 | H54: =Full!G1727 -> 0 | I54: =Full!F1720 -> 41 | J54: =Full!G1720 -> 222999 | K54: =I54 -> 41 | L54: =J54 -> 222999
A55: 46 | B55: Map plastik L | C55: =Full!F1751 -> 20 | D55: =Full!G1751 -> 66600 | E55: =Full!F1752 -> 0 | F55: =Full!G1752 -> 0 | G55: =Full!F1760 -> 0 | H55: =Full!G1760 -> 0 | I55: =Full!F1753 -> 20 | J55: =Full!G1753 -> 66600 | K55: =I55 -> 20 | L55: =J55 -> 66600
A56: 47 | B56: Tiep Ex kertas ct-522 | C56: =Full!F1781 -> 2 | D56: =Full!G1781 -> 16000 | E56: =Full!F1782 -> 0 | F56: =Full!G1782 -> 0 | G56: =Full!F1790 -> 0 | H56: =Full!G1790 -> 0 | I56: =Full!F1783 -> 2 | J56: =Full!G1783 -> 16000 | K56: =I56 -> 2 | L56: =J56 -> 16000
A57: 48 | B57: Penggaris besi big | C57: =Full!F1812 -> 2 | D57: =Full!G1812 -> 25000 | E57: =Full!F1813 -> 0 | F57: =Full!G1813 -> 0 | G57: =Full!F1821 -> 0 | H57: =Full!G1821 -> 0 | I57: =Full!F1814 -> 2 | J57: =Full!G1814 -> 25000 | K57: =I57 -> 2 | L57: =J57 -> 25000
A58: 49 | B58: Dokumen keeper isi 60 | C58: =Full!F1844 -> 9 | D58: =Full!G1844 -> 837000 | E58: =Full!F1845 -> 0 | F58: =Full!G1845 -> 0 | G58: =Full!F1853 -> 5 | H58: =Full!G1853 -> 465000 | I58: =Full!F1846 -> 4 | J58: =Full!G1846 -> 372000 | K58: =I58 -> 4 | L58: =J58 -> 372000
A59: 50 | B59: Lem stik besar | C59: =Full!F1874 -> 2 | D59: =Full!G1874 -> 28000 | E59: =Full!F1875 -> 0 | F59: =Full!G1875 -> 0 | G59: =Full!F1883 -> 0 | H59: =Full!G1883 -> 0 | I59: =Full!F1876 -> 2 | J59: =Full!G1876 -> 28000 | K59: =I59 -> 2 | L59: =J59 -> 28000
A60: 51 | B60: Map polos bufallo | C60: =Full!F1901 -> 0 | D60: =Full!G1901 -> 0 | E60: =Full!F1902 -> 0 | F60: =Full!G1902 -> 0 | G60: =Full!F1910 -> 0 | H60: =Full!G1910 -> 0 | I60: =Full!F1903 -> 0 | J60: =Full!G1903 -> 0 | K60: =I60 -> 0 | L60: =J60 -> 0
A61: 52 | B61: Tinta printer 664 hitam | C61: =Full!F1944 -> 5 | D61: =Full!G1944 -> 575000 | E61: =Full!F1945 -> 9 | F61: =Full!G1945 -> 1026003 | G61: =Full!F1953 -> 13 | H61: =Full!G1953 -> 1486003 | I61: =Full!F1946 -> 1 | J61: =Full!G1946 -> 115000 | K61: =I61 -> 1 | L61: =J61 -> 115000
A62: 53 | B62: Tinta printer 664 warna | C62: =Full!F1984 -> 20 | D62: =Full!G1984 -> 2186000 | E62: =Full!F1985 -> 3 | F62: =Full!G1985 -> 432001 | G62: =Full!F1993 -> 3 | H62: =Full!G1993 -> 432001 | I62: =Full!F1986 -> 20 | J62: =Full!G1986 -> 2186000 | K62: =I62 -> 20 | L62: =J62 -> 2186000
A63: 54 | B63: Flashdisk 16 Gb | C63: =Full!F2017 -> 0 | D63: =Full!G2017 -> 0 | E63: =Full!F2018 -> 1 | F63: =Full!G2018 -> 149850 | G63: =Full!F2026 -> 1 | H63: =Full!G2026 -> 149850 | I63: =Full!F2019 -> 0 | J63: =Full!G2019 -> 0 | K63: =I63 -> 0 | L63: =J63 -> 0
A64: 55 | B64: Isi Staples MAX 10 | C64: =Full!F2064 -> 5 | D64: =Full!G2064 -> 17500 | E64: =Full!F2065 -> 0 | F64: =Full!G2065 -> 0 | G64: =Full!F2073 -> 0 | H64: =Full!G2073 -> 0 | I64: =Full!F2066 -> 5 | J64: =Full!G2066 -> 17500 | K64: =I64 -> 5 | L64: =J64 -> 17500
A65: 56 | B65: Isolasi kertas | C65: =Full!F2094 -> 10 | D65: =Full!G2094 -> 77700 | E65: =Full!F2095 -> 0 | F65: =Full!G2095 -> 0 | G65: =Full!F2103 -> 0 | H65: =Full!G2103 -> 0 | I65: =Full!F2096 -> 10 | J65: =Full!G2096 -> 77700 | K65: =I65 -> 10 | L65: =J65 -> 77700
A66: 57 | B66: Ballpoint Picnok | C66: =Full!F2125 -> 0 | D66: =Full!G2125 -> 0 | E66: =Full!F2126 -> 0 | F66: =Full!G2126 -> 0 | G66: =Full!F2134 -> 0 | H66: =Full!G2134 -> 0 | I66: =Full!F2127 -> 0 | J66: =Full!G2127 -> 0 | K66: =I66 -> 0 | L66: =J66 -> 0
A67: 58 | B67: isi Staples Max HD-03 | C67: =Full!F2160 -> 11 | D67: =Full!G2160 -> 71500 | E67: =Full!F2161 -> 0 | F67: =Full!G2161 -> 0 | G67: =Full!F2169 -> 0 | H67: =Full!G2169 -> 0 | I67: =Full!F2162 -> 11 | J67: =Full!G2162 -> 71500 | K67: =I67 -> 11 | L67: =J67 -> 71500
A68: 59 | B68: Isi Steples besar 9/16 | C68: =Full!F2189 -> 4 | D68: =Full!G2189 -> 12400 | E68: =Full!F2190 -> 0 | F68: =Full!G2190 -> 0 | G68: =Full!F2198 -> 0 | H68: =Full!G2198 -> 0 | I68: =Full!F2191 -> 4 | J68: =Full!G2191 -> 12400 | K68: =I68 -> 4 | L68: =J68 -> 12400
A69: 60 | B69: Mouse wireies | C69: =Full!F2219 -> 0 | D69: =Full!G2219 -> 0 | E69: =Full!F2220 -> 0 | F69: =Full!G2220 -> 0 | G69: =Full!F2228 -> 0 | H69: =Full!G2228 -> 0 | I69: =Full!F2221 -> 0 | J69: =Full!G2221 -> 0 | K69: =I69 -> 0 | L69: =J69 -> 0
A70: 61 | B70: Standar boldiner | C70: =Full!D2238 -> 2 | D70: =Full!G2263 -> 199800 | E70: =Full!F2264 -> 0 | F70: =Full!G2264 -> 0 | G70: =Full!F2272 -> 0 | H70: =Full!G2272 -> 0 | I70: =Full!F2265 -> 2 | J70: =Full!G2265 -> 199800 | K70: =I70 -> 2 | L70: =J70 -> 199800
A71: 62 | B71: Tinta Epson 003 color | C71: =Full!F2310 -> 9 | D71: =Full!G2310 -> 1035000 | E71: =Full!F2311 -> 17 | F71: =Full!G2311 -> 1948303 | G71: =Full!F2319 -> 13 | H71: =Full!G2319 -> 1488303 | I71: =Full!F2312 -> 13 | J71: =Full!G2312 -> 1495000 | K71: =I71 -> 13 | L71: =J71 -> 1495000
A72: 63 | B72: Tinta Epson 003 black | C72: =Full!F2356 -> 13 | D72: =Full!G2356 -> 1486290 | E72: =Full!F2357 -> 7 | F72: =Full!G2357 -> 800310 | G72: =Full!F2365 -> 18 | H72: =Full!G2365 -> 2057940 | I72: =Full!F2358 -> 2 | J72: =Full!G2358 -> 228660 | K72: =I72 -> 2 | L72: =J72 -> 228660
A73: 64 | B73: Ballpoint Bp 388 | C73: =Full!F2389 -> 4 | D73: =Full!G2389 -> 10000 | E73: =Full!F2390 -> 0 | F73: =Full!G2390 -> 0 | G73: =Full!F2398 -> 0 | H73: =Full!G2398 -> 0 | I73: =Full!F2391 -> 4 | J73: =Full!G2391 -> 10000 | K73: =I73 -> 4 | L73: =J73 -> 10000
A74: 65 | B74: Bolpoin pentel | C74: =Full!F2421 -> 5 | D74: =Full!G2421 -> 499500 | E74: =Full!F2422 -> 0 | F74: =Full!G2422 -> 0 | G74: =Full!F2430 -> 0 | H74: =Full!G2430 -> 0 | I74: =Full!F2423 -> 5 | J74: =Full!G2423 -> 499500 | K74: =I74 -> 5 | L74: =Full!G2423 -> 499500
A75: 66 | B75: Balpoint gel pentel
A76: 67 | B76: Ballpoint standart 0.5/07 | C76: =Full!F2492 -> 17 | D76: =Full!G2492 -> 47175 | E76: =Full!F2493 -> 0 | F76: =Full!G2493 -> 0 | G76: =Full!F2501 -> 0 | H76: =Full!G2501 -> 0 | I76: =Full!F2494 -> 17 | J76: =Full!G2494 -> 47175 | K76: =I76 -> 17 | L76: =J76 -> 47175
A77: 68 | B77: ballpoint faster gel C-600 | C77: =Full!F2524 -> 0 | D77: =Full!G2524 -> 0 | E77: =Full!F2525 -> 0 | F77: =Full!G2525 -> 0 | G77: =Full!F2533 -> 0 | H77: =Full!G2533 -> 0 | I77: =Full!F2526 -> 0 | J77: =Full!G2526 -> 0 | K77: =I77 -> 0 | L77: =J77 -> 0
A78: 69 | B78: Catridge Epson LX-310 | C78: =Full!F2555 -> 3 | D78: =Full!G2555 -> 372000 | E78: =Full!F2556 -> 0 | F78: =Full!G2556 -> 0 | G78: =Full!F2564 -> 2 | H78: =Full!G2564 -> 248000 | I78: =Full!F2557 -> 1 | J78: =Full!G2557 -> 124000 | K78: =I78 -> 1 | L78: =J78 -> 124000
A79: 70 | B79: Isi Cutter besar | C79: =Full!F2587 -> 2 | D79: =Full!G2587 -> 26200 | E79: =Full!F2588 -> 0 | F79: =Full!G2588 -> 0 | G79: =Full!F2596 -> 0 | H79: =Full!G2596 -> 0 | I79: =Full!F2589 -> 2 | J79: =Full!G2589 -> 26200 | K79: =I79 -> 2 | L79: =J79 -> 26200
A80: 71 | B80: Pensil 2B | C80: =Full!F2624 -> 31 | D80: =Full!G2624 -> 136400 | E80: =Full!F2625 -> 9 | F80: =Full!G2625 -> 39960 | G80: =Full!F2633 -> 9 | H80: =Full!G2633 -> 38720 | I80: =Full!F2626 -> 31 | J80: =Full!G2626 -> 137640 | K80: =I80 -> 31 | L80: =J80 -> 137640
A81: 72 | B81: pita printer Lq-2190 | C81: =Full!F2659 -> 0 | D81: =Full!G2659 -> 0 | E81: =Full!F2660 -> 0 | F81: =Full!G2660 -> 0 | G81: =Full!F2668 -> 0 | H81: =Full!G2668 -> 0 | I81: =Full!F2661 -> 0 | J81: =Full!G2661 -> 0 | K81: =I81 -> 0 | L81: =J81 -> 0
A82: 73 | B82: Kertas HVS 70 gsm F4 warna | C82: =Full!F2690 -> 8 | D82: =Full!G2690 -> 704000 | E82: =Full!F2691 -> 0 | F82: =Full!G2691 -> 0 | G82: =Full!F2699 -> 0 | H82: =Full!G2699 -> 0 | I82: =Full!F2692 -> 8 | J82: =Full!G2692 -> 704000 | K82: =I82 -> 8 | L82: =J82 -> 704000
A83: 74 | B83: Box File | C83: =Full!F2722 -> 0 | D83: =Full!G2722 -> 0 | E83: =Full!F2723 -> 0 | F83: =Full!G2723 -> 0 | G83: =Full!F2731 -> 0 | H83: =Full!G2731 -> 0 | I83: =Full!F2724 -> 0 | J83: =Full!G2724 -> 0 | K83: =I83 -> 0 | L83: =J83 -> 0
A84: 75 | B84: Stop map harmonika plastik | C84: =Full!F2754 -> 0 | D84: =Full!G2754 -> 0 | E84: =Full!F2755 -> 0 | F84: =Full!G2755 -> 0 | G84: =Full!F2763 -> 0 | H84: =Full!G2763 -> 0 | I84: =Full!F2756 -> 0 | J84: =Full!G2756 -> 0 | K84: =I84 -> 0 | L84: =J84 -> 0
A85: 76 | B85: Kertas Sticker | C85: =Full!F2787 -> 12 | D85: =Full!G2787 -> 432000 | E85: =Full!F2788 -> 3 | F85: =Full!G2788 -> 239760 | G85: =Full!F2796 -> 0 | H85: =Full!G2796 -> 131760 | I85: =Full!F2789 -> 15 | J85: =Full!G2789 -> 540000 | K85: =I85 -> 15 | L85: =J85 -> 540000
A86: 77 | B86: Buku tulis 38 lbr | C86: =Full!F2819 -> 10 | D86: =Full!G2819 -> 55500 | E86: =Full!F2820 -> 0 | F86: =Full!G2820 -> 0 | G86: =Full!F2828 -> 0 | H86: =Full!G2828 -> 0 | I86: =Full!F2821 -> 10 | J86: =Full!G2821 -> 55500 | K86: =I86 -> 10 | L86: =J86 -> 55500
A87: 78 | B87: Trigonal Clip No.1 | C87: =Full!F2849 -> 0 | D87: =Full!G2849 -> 0 | E87: =Full!F2850 -> 0 | F87: =Full!G2850 -> 0 | G87: =Full!F2858 -> 0 | H87: =Full!G2858 -> 0 | I87: =Full!F2851 -> 0 | J87: =Full!G2851 -> 0
A88: 79 | B88: Kertas foto/A4 | C88: =Full!F2879 -> 0 | D88: =Full!G2879 -> 0 | E88: =Full!F2880 -> 0 | F88: =Full!G2880 -> 0 | G88: =Full!F2888 -> 0 | H88: =Full!G2888 -> 0 | I88: =Full!F2881 -> 0 | J88: =Full!G2881 -> 0 | K88: =I88 -> 0 | L88: =J88 -> 0
A89: 80 | B89: kertas gaji | C89: =Full!F2909 -> 0 | D89: =Full!G2909 -> 0 | E89: =Full!F2910 -> 0 | F89: =Full!G2910 -> 0 | G89: =Full!F2918 -> 0 | H89: =Full!G2918 -> 0 | I89: =Full!F2911 -> 0 | J89: =Full!G2911 -> 0 | K89: =I89 -> 0 | L89: =J89 -> 0
A90: 81 | B90: portepel | C90: =Full!F2944 -> 61 | D90: =Full!G2944 -> 555100 | E90: =Full!F2945 -> 49 | F90: =Full!G2945 -> 380730 | G90: =Full!F2953 -> 65 | H90: =Full!G2953 -> 526330 | I90: =Full!F2946 -> 45 | J90: =Full!G2946 -> 409500 | K90: =I90 -> 45 | L90: =J90 -> 409500
A91: 82 | B91: post-it kertas | C91: =Full!F2979 -> 0 | D91: =Full!G2979 -> 0 | E91: =Full!F2980 -> 0 | F91: =Full!G2980 -> 0 | G91: =Full!F2988 -> 0 | H91: =Full!G2988 -> 0 | I91: =Full!F2981 -> 0 | J91: =Full!G2981 -> 0 | K91: =I91 -> 0 | L91: =J91 -> 0
A92: 83 | B92: Gunting sedang | C92: =Full!F3008 -> 0 | D92: =Full!G3008 -> 0 | E92: =Full!F3009 -> 0 | F92: =Full!G3009 -> 0 | G92: =Full!F3017 -> 0 | H92: =Full!G3017 -> 0 | I92: =Full!F3010 -> 0 | J92: =Full!G3010 -> 0 | K92: =I92 -> 0 | L92: =J92 -> 0
A93: 84 | B93: Gunting besar | C93: =Full!F3039 -> 0 | D93: =Full!G3039 -> 0 | E93: =Full!F3040 -> 0 | F93: =Full!G3040 -> 0 | G93: =Full!F3048 -> 0 | H93: =Full!G3048 -> 0 | I93: =Full!F3041 -> 0 | J93: =Full!G3041 -> 0 | K93: =I93 -> 0 | L93: =J93 -> 0
A94: 85 | B94: Tinta Stempel
A95: 86 | B95: Map gantung folio | C95: =Full!F3099 -> 30 | D95: =Full!G3099 -> 180000 | E95: =Full!F3100 -> 0 | F95: =Full!G3100 -> 0 | G95: =Full!F3108 -> 0 | H95: =Full!G3108 -> 0 | I95: =Full!F3101 -> 30 | J95: =Full!G3101 -> 180000 | K95: =I95 -> 30 | L95: =J95 -> 180000
A96: 87 | B96: Stapler Besar | C96: =Full!F3135 -> 2 | D96: =Full!G3135 -> 90000 | E96: =Full!F3136 -> 0 | F96: =Full!G3136 -> 0 | G96: =Full!F3144 -> 0 | H96: =Full!G3144 -> 0 | I96: =Full!F3137 -> 2 | J96: =Full!G3137 -> 90000 | K96: =I96 -> 2 | L96: =J96 -> 90000
A97: 88 | B97: Stepler kecil | C97: =Full!F3166 -> 0 | D97: =Full!G3166 -> 0 | E97: =Full!F3167 -> 0 | F97: =Full!G3167 -> 0 | G97: =Full!F3175 -> 0 | H97: =Full!G3175 -> 0 | I97: =Full!F3168 -> 0 | J97: =Full!G3168 -> 0 | K97: =I97 -> 0 | L97: =J97 -> 0
A98: 89 | B98: Isolasi Besar | C98: =Full!F3200 -> 11 | D98: =Full!G3200 -> 152900 | E98: =Full!F3201 -> 0 | F98: =Full!G3201 -> 0 | G98: =Full!F3209 -> 0 | H98: =Full!G3209 -> 0 | I98: =Full!F3202 -> 11 | J98: =Full!G3202 -> 152900 | K98: =I98 -> 11 | L98: =J98 -> 152900
A99: 90 | B99: Isolasi Sedang | C99: =Full!F3230 -> 0 | D99: =Full!G3230 -> 0 | E99: =Full!F3231 -> 26 | F99: =Full!G3231 -> 158730 | G99: =Full!F3239 -> 20 | H99: =Full!G3239 -> 122100 | I99: =Full!F3232 -> 6 | J99: =Full!G3232 -> 36630 | K99: =I99 -> 6 | L99: =J99 -> 36630
A100: 91 | B100: Buku folio | C100: =Full!F3260 -> 3 | D100: =Full!G3260 -> 114000 | E100: =Full!F3261 -> 0 | F100: =Full!G3261 -> 0 | G100: =Full!F3269 -> 0 | H100: =Full!G3269 -> 0 | I100: =Full!F3262 -> 3 | J100: =Full!G3262 -> 114000 | K100: =I100 -> 3 | L100: =J100 -> 114000
A101: 92 | B101: Box Arsip | C101: =Full!F3290 -> 10 | D101: =Full!G3290 -> 560000 | E101: =Full!F3291 -> 0 | F101: =Full!G3291 -> 0 | G101: =Full!F3299 -> 0 | H101: =Full!G3299 -> 0 | I101: =Full!F3292 -> 10 | J101: =Full!G3292 -> 560000 | K101: =I101 -> 10 | L101: =J101 -> 560000
A102: 93 | B102: Pot it MMS IP | C102: =Full!F3320 -> 6 | D102: =Full!G3320 -> 94800 | E102: =Full!F3321 -> 0 | F102: =Full!G3321 -> 0 | G102: =Full!F3329 -> 0 | H102: =Full!G3329 -> 0 | I102: =Full!F3322 -> 6 | J102: =Full!G3322 -> 94800 | K102: =I102 -> 6 | L102: =J102 -> 94800
A103: 94 | B103: Map kertas | C103: =Full!F3352 -> 13 | D103: =Full!G3352 -> 429000 | E103: =Full!F3353 -> 0 | F103: =Full!G3353 -> 0 | G103: =Full!F3361 -> 0 | H103: =Full!G3361 -> 0 | I103: =Full!F3354 -> 13 | J103: =Full!G3354 -> 429000 | K103: =I103 -> 13 | L103: =J103 -> 429000
...

Sheet Kertas
B1: Kartu Barang
A3: 1 | B3: Nama Barang : | C3: Amplop putih 90 | N3: ATK
B4: Satuan : | C4: box | N4: =N3 -> ATK
N5: =N4 -> ATK
B6: Tanggal | C6: Harga Pembelian per satuan | D6: Jumlah Barang | G6: Nilai Penerimaan Barang Persediaan | N6: =N5 -> ATK
D7: Masuk | E7: Keluar | F7: Sisa | N7: =N6 -> ATK
B8: 46024 | C8: 27750 | D8: 2 | F8: =D8-E8 -> 2 | G8: =C8*D8 -> 55500 | N8: =N7 -> ATK
G9: =C9*D9 -> 0 | N9: =N8 -> ATK
G10: =C10*D10 -> 0 | N10: =N9 -> ATK
G11: =C11*D11 -> 0 | N11: =N10 -> ATK
G12: =C12*D12 -> 0 | N12: =N11 -> ATK
G13: =C13*D13 -> 0 | N13: =N12 -> ATK
G14: =C14*D14 -> 0 | N14: =N13 -> ATK
G15: =C15*D15 -> 0 | N15: =N14 -> ATK
G16: =C16*D16 -> 0 | N16: =N15 -> ATK
G17: =C17*D17 -> 0 | N17: =N16 -> ATK
G18: =C18*D18 -> 0 | N18: =N17 -> ATK
G19: =C19*D19 -> 0 | N19: =N18 -> ATK
G20: =C20*D20 -> 0 | N20: =N19 -> ATK
... G25: =C25*D25 -> 0 | N25: =N24 -> ATK
N26: =N25 -> ATK
N27: =N26 -> ATK
N28: =N27 -> ATK
N29: =N28 -> ATK
N30: =N29 -> ATK
N31: =N30 -> ATK
H32: 0 | I32: sekretariat | N32: =N31 -> ATK
H33: 0 | I33: Upt rusunawa | N33: =N32 -> ATK
H34: 0 | I34: Bidang perumahan | N34: =N33 -> ATK
H35: 1 | I35: Bidang Permukiman | N35: =N34 -> ATK
B36: Jumlah | D36: =SUM(D8:D35) -> 2 | E36: =SUM(E8:E35) -> 0 | F36: =D36-E36 -> 2 | G36: =SUM(G8:G31) -> 55500 | H36: 0 | I36: upt makam | N36: =N35 -> ATK
N37: =N36 -> ATK
B38: Keterangan | F38: Jumlah | G38: Nilai | N38: =N37 -> ATK
B39: Saldo Awal 2 Jan 2026 | F39: =D8 -> 2 | G39: =G8 -> 55500 | N39: =N38 -> ATK
B40: Nilai Penerimaan Barang Persediaan Tahun 2026 | F40: =D36-F39 -> 0 | G40: =G36-G39 -> 0 | N40: =N39 -> ATK
B41: Saldo Akhir 31 Maret 2026 | F41: =SUM(B44:B47) -> 2 | G41: =SUM(D44:E47) -> 55500 | N41: =N40 -> ATK
B42: Rincian: Metode Penilaian FIFO | N42: =N41 -> ATK
B43: Jumlah Barang | C43: Harga Satuan | D43: Nilai | N43: =N42 -> ATK
B44: =F36 -> 2 | C44: 27750 | D44: =B44*C44 -> 55500 | N44: =N43 -> ATK
N45: =N44 -> ATK
N46: =N45 -> ATK
N47: =N46 -> ATK
B48: Persediaan Yang Digunakan (Beban Persediaan) | F48: =F39+F40-F41 -> 0 | G48: =G39+G40-G41 -> 0 | N48: =N47 -> ATK
N49: =N48 -> ATK
B50: Kartu Barang | N50: =N49 -> ATK
N51: =N50 -> ATK
A52: 2 | B52: Nama Barang : | C52: ='Rekap Master'!B11 -> Amplop putih 104 | N52: ATK
B53: Satuan : | C53: box | N53: =N52 -> ATK
N54: =N53 -> ATK
B55: Tanggal | C55: Harga Pembelian per satuan | D55: Jumlah Barang | G55: Nilai Penerimaan Barang Persediaan | N55: =N54 -> ATK
D56: Masuk | E56: Keluar | F56: Sisa | N56: =N55 -> ATK
B57: =B8 -> 46024 | C57: 21800 | D57: 9 | E57: 0 | F57: =D57-E57 -> 9 | G57: =C57*D57 -> 196200 | N57: =N56 -> ATK
G58: =C58*D58 -> 0 | N58: =N57 -> ATK
G59: =C59*D59 -> 0 | N59: =N58 -> ATK
G60: =C60*D60 -> 0 | N60: =N59 -> ATK
G61: =C61*D61 -> 0 | N61: =N60 -> ATK
G62: =C62*D62 -> 0 | N62: =N61 -> ATK
G63: =C63*D63 -> 0 | N63: =N62 -> ATK
G64: =C64*D64 -> 0 | N64: =N63 -> ATK
G65: =C65*D65 -> 0 | N65: =N64 -> ATK
G66: =C66*D66 -> 0 | N66: =N65 -> ATK
G67: =C67*D67 -> 0 | N67: =N66 -> ATK
G68: =C68*D68 -> 0 | N68: =N67 -> ATK
N69: =N68 -> ATK
G70: =C70*D70 -> 0 | N70: =N69 -> ATK
G71: =C71*D71 -> 0 | N71: =N70 -> ATK
G72: =C72*D72 -> 0 | N72: =N71 -> ATK
G73: =C73*D73 -> 0 | N73: =N72 -> ATK
F74: =F73+D74-E74 -> 0 | G74: =C74*D74 -> 0 | N74: =N73 -> ATK
G75: =C75*D75 -> 0 | N75: =N74 -> ATK
G76: =C76*D76 -> 0 | H76: 0 | I76: sekretariat | N76: =N75 -> ATK
G77: =C77*D77 -> 0 | H77: 0 | I77: Upt rusunawa | N77: =N76 -> ATK
G78: =C78*D78 -> 0 | H78: 0 | I78: Bidang perumahan | N78: =N77 -> ATK
G79: =C79*D79 -> 0 | H79: 0 | I79: Bidang Permukiman | N79: =N78 -> ATK
B80: Jumlah | D80: =SUM(D57:D79) -> 9 | E80: =SUM(E57:E78) -> 0 | F80: =D80-E80 -> 9 | G80: =SUM(G57:G79) -> 196200 | H80: 0 | I80: upt makam | N80: =N79 -> ATK
N81: =N80 -> ATK
B82: Keterangan | F82: Jumlah | G82: Nilai | N82: =N81 -> ATK
B83: =B39 -> Saldo Awal 2 Jan 2026 | F83: =D57 -> 9 | G83: =G57 -> 196200 | N83: =N82 -> ATK
B84: =B40 -> Nilai Penerimaan Barang Persediaan Tahun 2026 | F84: =D80-F83 -> 0 | G84: =G80-G83 -> 0 | N84: =N83 -> ATK
B85: =B41 -> Saldo Akhir 31 Maret 2026 | F85: =SUM(B88:B90) -> 9 | G85: =SUM(D88:E91) -> 196200 | N85: =N84 -> ATK
B86: Rincian: Metode Penilaian FIFO | N86: =N85 -> ATK
B87: Jumlah Barang | C87: Harga Satuan | D87: Nilai | N87: =N86 -> ATK
B88: =F80 -> 9 | C88: 21800 | D88: =B88*C88 -> 196200 | N88: =N87 -> ATK
N89: =N88 -> ATK
N90: =N89 -> ATK
D91: =B91*C91 -> 0 | N91: =N90 -> ATK
B92: Persediaan Yang Digunakan (Beban Persediaan) | F92: =F83+F84-F85 -> 0 | G92: =G83+G84-G85 -> 0 | N92: =N91 -> ATK
N93: =N92 -> ATK
B94: Kartu Barang | N94: =N93 -> ATK
N95: =N94 -> ATK
A96: 3 | B96: Nama Barang : | C96: ='Rekap Master'!B12 -> Binderclips Joyko 260 | N96: ATK
B97: Satuan : | C97: pak | N97: =N96 -> ATK
N98: =N97 -> ATK
B99: Tanggal | C99: Harga Pembelian per satuan | D99: Jumlah Barang | G99: Nilai Penerimaan Barang Persediaan | N99: =N98 -> ATK
D100: Masuk | E100: Keluar | F100: Sisa | N100: =N99 -> ATK
B101: =B57 -> 46024 | C101: 22755 | D101: 7 | E101: 0 | F101: =D101-E101 -> 7 | G101: =C101*D101 -> 159285 | N101: =N100 -> ATK
G102: =C102*D102 -> 0 | N102: =N101 -> ATK
G103: =C103*D103 -> 0 | N103: =N102 -> ATK
G104: =C104*D104 -> 0 | N104: =N103 -> ATK
G105: =C105*D105 -> 0 | N105: =N104 -> ATK
...

Sheet April
A1: LAPORAN MUTASI BARANG PERSEDIAAN
A2: KERTAS DAN COVER
A3: DINAS PERUMAHAN RAKYAT DAN KAWASAN PERMUKIMAN
A5: No | B5: Rincian Nama Persediaan | C5: Saldo Per 1 April 2026 | E5: Penambahan | G5: Pengurangan | I5: Saldo Per 30 Apil 2026 | K5: Hasil Stock Opname | N5: Selisih | P5: Keterangan
C7: Jumlah | D7: Nilai Persediaan (Rp) | E7: =C7 -> Jumlah | F7: =D7 -> Nilai Persediaan (Rp) | G7: =E7 -> Jumlah | H7: =F7 -> Nilai Persediaan (Rp) | I7: =G7 -> Jumlah | J7: =H7 -> Nilai Persediaan (Rp) | K7: =I7 -> Jumlah | L7: =J7 -> Nilai Persediaan (Rp) | M7: *Kondisi | N7: Jumlah | O7: Nilai Persediaan (Rp)
A9: 1 | B9: 2 | C9: 3 | D9: 4 | E9: 5 | F9: 6 | G9: 7 | H9: 8 | I9: 9 (3+5-7) | J9: 10 (4+6-8) | K9: 11 | L9: 12 | M9: 13 | N9: 14 (9-11) | O9: 15 (10-12) | P9: 16
A10: 1 | B10: Kertas NCR Top | C10: =Kertas!F621 -> 3 | D10: =Kertas!G621 -> 225000 | E10: =Kertas!F622 -> 0 | F10: =Kertas!G622 -> 0 | G10: =Kertas!F630 -> 0 | H10: =Kertas!G630 -> 0 | I10: =Kertas!F623 -> 3 | J10: =Kertas!G623 -> 225000 | K10: =I10 -> 3 | L10: =J10 -> 225000
A11: 2 | B11: Kertas HVS 70 gsm F4 | C11: =Kertas!F677 -> 32 | D11: =Kertas!G677 -> 2131200 | E11: =Kertas!F678 -> 2 | F11: =Kertas!G678 -> 122100 | G11: =Kertas!F686 -> 7 | H11: =Kertas!G686 -> 455100 | I11: =Kertas!F679 -> 27 | J11: =Kertas!G679 -> 1798200 | K11: =I11 -> 27 | L11: =J11 -> 1798200
A12: 3 | B12: Kertas HVS 70 gsm A3 | C12: =Kertas!F717 -> 1 | D12: =Kertas!G717 -> 100000 | E12: =Kertas!F718 -> 0 | F12: =Kertas!G718 -> 0 | G12: =Kertas!F726 -> 0 | H12: =Kertas!G726 -> 0 | I12: =Kertas!F719 -> 1 | J12: =Kertas!G719 -> 100000 | K12: =I12 -> 1 | L12: =J12 -> 100000
A13: 4 | B13: Kertas HVS 70 gsm A4 | C13: =Kertas!F765 -> 7 | D13: =Kertas!G765 -> 396270 | E13: =Kertas!F766 -> 44 | F13: =Kertas!G766 -> 2490840 | G13: =Kertas!F774 -> 44 | H13: =Kertas!G774 -> 2490840 | I13: =Kertas!F767 -> 7 | J13: =Kertas!G767 -> 396270 | K13: =I13 -> 7 | L13: =J13 -> 396270
A14: 5 | B14: Kertas NCR Continuous 4 ply | C14: =Kertas!F810 -> 0 | D14: =Kertas!G810 -> 0 | E14: =Kertas!F811 -> 0 | F14: =Kertas!G811 -> 0 | G14: =Kertas!F819 -> 0 | H14: =Kertas!G819 -> 0 | I14: =Kertas!F812 -> 0 | J14: =Kertas!G812 -> 0 | K14: =I14 -> 0 | L14: =J14 -> 0
A15: 6 | B15: Kertas HVS 70 gsm F4 warna | C15: =Kertas!F2682 -> 8 | D15: =Kertas!G2682 -> 704000 | E15: =Kertas!F2683 -> 0 | F15: =Kertas!G2683 -> 0 | G15: =Kertas!F2691 -> 0 | H15: =Kertas!G2691 -> 0 | I15: =Kertas!F2684 -> 8 | J15: =Kertas!G2684 -> 704000 | K15: =I15 -> 8 | L15: =J15 -> 704000
A16: 7 | B16: Kertas NCR A4 | C16: =Kertas!F2779 -> 12 | D16: =Kertas!G2779 -> 432000 | E16: =Kertas!F2780 -> 0 | F16: =Kertas!G2780 -> 0 | G16: =Kertas!F2788 -> 3 | H16: =Kertas!G2788 -> 108000 | I16: =Kertas!F2781 -> 9 | J16: =Kertas!G2781 -> 324000 | K16: =I16 -> 9 | L16: =J16 -> 324000
A17: 8 | B17: Kertas foto/A4 | C17: =Kertas!F2871 -> 0 | D17: =Kertas!G2871 -> 0 | E17: =Kertas!F2872 -> 0 | F17: =Kertas!G2872 -> 0 | G17: =Kertas!F2880 -> 0 | H17: =Kertas!G2880 -> 0 | I17: =Kertas!F2873 -> 0 | J17: =Kertas!G2873 -> 0 | K17: =I17 -> 0 | L17: =J17 -> 0
A18: 9 | B18: kertas gaji | C18: =Kertas!F2901 -> 0 | D18: =Kertas!G2901 -> 0 | E18: =Kertas!F2902 -> 0 | F18: =O142855 -> 0 | G18: =Kertas!F2910 -> 0 | H18: =Kertas!G2910 -> 0 | I18: =Kertas!F2903 -> 0 | J18: =Kertas!G2903 -> 0 | K18: =I18 -> 0 | L18: =J18 -> 0
A19: 10 | B19: Kertas NCR Middle | C19: =Kertas!F3583 -> 3 | D19: =Kertas!G3583 -> 225000 | E19: =Kertas!F3584 -> 0 | F19: =Kertas!G3584 -> 0 | G19: =Kertas!F3592 -> 0 | H19: =Kertas!G3592 -> 0 | I19: =Kertas!F3585 -> 3 | J19: =Kertas!G3585 -> 225000 | K19: =I19 -> 3 | L19: =J19 -> 225000
A20: 11 | B20: Kertas NCR Botom | C20: =Kertas!F3627 -> 3 | D20: =Kertas!G3627 -> 225000 | E20: =Kertas!F3628 -> 0 | F20: =Kertas!G3628 -> 0 | G20: =Kertas!F3636 -> 0 | H20: =Kertas!G3636 -> 0 | I20: =Kertas!F3629 -> 3 | J20: =Kertas!G3629 -> 225000 | K20: =I20 -> 3 | L20: =J20 -> 225000
A21: 12 | B21: Kertas HVS 70 gsm A4 warna | C21: =Kertas!F3664 -> 2 | D21: =Kertas!G3664 -> 140000 | E21: =Kertas!F3665 -> 0 | F21: =Kertas!G3665 -> 0 | G21: =Kertas!F3673 -> 2 | H21: =Kertas!G3673 -> 140000 | I21: =Kertas!F3666 -> 0 | J21: =Kertas!G3666 -> 0 | K21: =I21 -> 0 | L21: =J21 -> 0
B23: Jumlah Alat Tulis Kantor | C23: =SUM(C10:C22) -> 71 | D23: =SUM(D10:D22) -> 4578470 | E23: =SUM(E10:E22) -> 46 | F23: =SUM(F10:F22) -> 2612940 | G23: =SUM(G10:G22) -> 56 | H23: =SUM(H10:H22) -> 3193940 | I23: =SUM(I10:I22) -> 61 | J23: =SUM(J10:J22) -> 3997470 | ... O23: =SUM(O10:O22) -> 0
M25: Pasuruan, 30 April 2026
C26: Yang Diperiksa, | N26: Pemeriksa,
C27: Pembantu Pengurus Barang Pengguna | N27: Pejabat Penatausahaan Barang Pengguna
C30: MUSTOFA | H30: Mengetahui | N30: IIL ROSIAWATI,ST
C31: NIP. 1972060820070111020 | H31: Kepala Dinas Perumahan rakyat Dan Kawasan Permukiman | N31: NIP. 197905202010012024
H34: AKUNG NOVAJANTO SODIQ NUCH,ST.MT
H35: NIP.197211257003121006

Sheet KB Mei
B1: Kartu Barang
A3: 1 | B3: Nama Barang : | C3: Amplop putih 90 | N3: ATK
B4: Satuan : | C4: box | N4: =N3 -> ATK
N5: =N4 -> ATK
B6: Tanggal | C6: Harga Pembelian per satuan | D6: Jumlah Barang | G6: Nilai Penerimaan Barang Persediaan | N6: =N5 -> ATK
D7: Masuk | E7: Keluar | F7: Sisa | N7: =N6 -> ATK
B8: 46024 | C8: 27750 | D8: 2 | F8: =D8-E8 -> 2 | G8: =C8*D8 -> 55500 | N8: =N7 -> ATK
G9: =C9*D9 -> 0 | N9: =N8 -> ATK
G10: =C10*D10 -> 0 | N10: =N9 -> ATK
G11: =C11*D11 -> 0 | N11: =N10 -> ATK
G12: =C12*D12 -> 0 | N12: =N11 -> ATK
G13: =C13*D13 -> 0 | N13: =N12 -> ATK
G14: =C14*D14 -> 0 | N14: =N13 -> ATK
G15: =C15*D15 -> 0 | N15: =N14 -> ATK
G16: =C16*D16 -> 0 | N16: =N15 -> ATK
G17: =C17*D17 -> 0 | N17: =N16 -> ATK
G18: =C18*D18 -> 0 | N18: =N17 -> ATK
G19: =C19*D19 -> 0 | N19: =N18 -> ATK
G20: =C20*D20 -> 0 | N20: =N19 -> ATK
... G25: =C25*D25 -> 0 | N25: =N24 -> ATK
N26: =N25 -> ATK
N27: =N26 -> ATK
N28: =N27 -> ATK
N29: =N28 -> ATK
N30: =N29 -> ATK
N31: =N30 -> ATK
H32: 0 | I32: sekretariat | N32: =N31 -> ATK
H33: 0 | I33: Upt rusunawa | N33: =N32 -> ATK
H34: 0 | I34: Bidang perumahan | N34: =N33 -> ATK
H35: 1 | I35: Bidang Permukiman | N35: =N34 -> ATK
B36: Jumlah | D36: =SUM(D8:D35) -> 2 | E36: =SUM(E8:E35) -> 0 | F36: =D36-E36 -> 2 | G36: =SUM(G8:G31) -> 55500 | H36: 0 | I36: upt makam | N36: =N35 -> ATK
N37: =N36 -> ATK
B38: Keterangan | F38: Jumlah | G38: Nilai | N38: =N37 -> ATK
B39: Saldo Awal 2 Jan 2026 | F39: =D8 -> 2 | G39: =G8 -> 55500 | N39: =N38 -> ATK
B40: Nilai Penerimaan Barang Persediaan Tahun 2026 | F40: =D36-F39 -> 0 | G40: =G36-G39 -> 0 | N40: =N39 -> ATK
B41: Saldo Akhir 31 Maret 2026 | F41: =SUM(B44:B47) -> 2 | G41: =SUM(D44:E47) -> 55500 | N41: =N40 -> ATK
B42: Rincian: Metode Penilaian FIFO | N42: =N41 -> ATK
B43: Jumlah Barang | C43: Harga Satuan | D43: Nilai | N43: =N42 -> ATK
B44: =F36 -> 2 | C44: 27750 | D44: =B44*C44 -> 55500 | N44: =N43 -> ATK
N45: =N44 -> ATK
N46: =N45 -> ATK
N47: =N46 -> ATK
B48: Persediaan Yang Digunakan (Beban Persediaan) | F48: =F39+F40-F41 -> 0 | G48: =G39+G40-G41 -> 0 | N48: =N47 -> ATK
N49: =N48 -> ATK
B50: Kartu Barang | N50: =N49 -> ATK
N51: =N50 -> ATK
A52: 2 | B52: Nama Barang : | C52: ='Rekap Master'!B11 -> Amplop putih 104 | N52: ATK
B53: Satuan : | C53: box | N53: =N52 -> ATK
N54: =N53 -> ATK
B55: Tanggal | C55: Harga Pembelian per satuan | D55: Jumlah Barang | G55: Nilai Penerimaan Barang Persediaan | N55: =N54 -> ATK
D56: Masuk | E56: Keluar | F56: Sisa | N56: =N55 -> ATK
B57: =B8 -> 46024 | C57: 21800 | D57: 9 | E57: 0 | F57: =D57-E57 -> 9 | G57: =C57*D57 -> 196200 | N57: =N56 -> ATK
G58: =C58*D58 -> 0 | N58: =N57 -> ATK
G59: =C59*D59 -> 0 | N59: =N58 -> ATK
G60: =C60*D60 -> 0 | N60: =N59 -> ATK
G61: =C61*D61 -> 0 | N61: =N60 -> ATK
G62: =C62*D62 -> 0 | N62: =N61 -> ATK
G63: =C63*D63 -> 0 | N63: =N62 -> ATK
G64: =C64*D64 -> 0 | N64: =N63 -> ATK
G65: =C65*D65 -> 0 | N65: =N64 -> ATK
G66: =C66*D66 -> 0 | N66: =N65 -> ATK
G67: =C67*D67 -> 0 | N67: =N66 -> ATK
G68: =C68*D68 -> 0 | N68: =N67 -> ATK
N69: =N68 -> ATK
G70: =C70*D70 -> 0 | N70: =N69 -> ATK
G71: =C71*D71 -> 0 | N71: =N70 -> ATK
G72: =C72*D72 -> 0 | N72: =N71 -> ATK
G73: =C73*D73 -> 0 | N73: =N72 -> ATK
F74: =F73+D74-E74 -> 0 | G74: =C74*D74 -> 0 | N74: =N73 -> ATK
G75: =C75*D75 -> 0 | N75: =N74 -> ATK
G76: =C76*D76 -> 0 | H76: 0 | I76: sekretariat | N76: =N75 -> ATK
G77: =C77*D77 -> 0 | H77: 0 | I77: Upt rusunawa | N77: =N76 -> ATK
G78: =C78*D78 -> 0 | H78: 0 | I78: Bidang perumahan | N78: =N77 -> ATK
G79: =C79*D79 -> 0 | H79: 0 | I79: Bidang Permukiman | N79: =N78 -> ATK
B80: Jumlah | D80: =SUM(D57:D79) -> 9 | E80: =SUM(E57:E78) -> 0 | F80: =D80-E80 -> 9 | G80: =SUM(G57:G79) -> 196200 | H80: 0 | I80: upt makam | N80: =N79 -> ATK
N81: =N80 -> ATK
B82: Keterangan | F82: Jumlah | G82: Nilai | N82: =N81 -> ATK
B83: =B39 -> Saldo Awal 2 Jan 2026 | F83: =D57 -> 9 | G83: =G57 -> 196200 | N83: =N82 -> ATK
B84: =B40 -> Nilai Penerimaan Barang Persediaan Tahun 2026 | F84: =D80-F83 -> 0 | G84: =G80-G83 -> 0 | N84: =N83 -> ATK
B85: =B41 -> Saldo Akhir 31 Maret 2026 | F85: =SUM(B88:B90) -> 9 | G85: =SUM(D88:E91) -> 196200 | N85: =N84 -> ATK
B86: Rincian: Metode Penilaian FIFO | N86: =N85 -> ATK
B87: Jumlah Barang | C87: Harga Satuan | D87: Nilai | N87: =N86 -> ATK
B88: =F80 -> 9 | C88: 21800 | D88: =B88*C88 -> 196200 | N88: =N87 -> ATK
N89: =N88 -> ATK
N90: =N89 -> ATK
D91: =B91*C91 -> 0 | N91: =N90 -> ATK
B92: Persediaan Yang Digunakan (Beban Persediaan) | F92: =F83+F84-F85 -> 0 | G92: =G83+G84-G85 -> 0 | N92: =N91 -> ATK
N93: =N92 -> ATK
B94: Kartu Barang | N94: =N93 -> ATK
N95: =N94 -> ATK
A96: 3 | B96: Nama Barang : | C96: ='Rekap Master'!B12 -> Binderclips Joyko 260 | N96: ATK
B97: Satuan : | C97: pak | N97: =N96 -> ATK
N98: =N97 -> ATK
B99: Tanggal | C99: Harga Pembelian per satuan | D99: Jumlah Barang | G99: Nilai Penerimaan Barang Persediaan | N99: =N98 -> ATK
D100: Masuk | E100: Keluar | F100: Sisa | N100: =N99 -> ATK
B101: =B57 -> 46024 | C101: 22755 | D101: 7 | E101: 0 | F101: =D101-E101 -> 7 | G101: =C101*D101 -> 159285 | N101: =N100 -> ATK
G102: =C102*D102 -> 0 | N102: =N101 -> ATK
G103: =C103*D103 -> 0 | N103: =N102 -> ATK
G104: =C104*D104 -> 0 | N104: =N103 -> ATK
G105: =C105*D105 -> 0 | N105: =N104 -> ATK
...

Sheet Mei
A1: LAPORAN MUTASI BARANG PERSEDIAAN
A2: KERTAS DAN COVER
A3: DINAS PERUMAHAN RAKYAT DAN KAWASAN PERMUKIMAN
A5: No | B5: Rincian Nama Persediaan | C5: Saldo Per 1 Mei 2026 | E5: Penambahan | G5: Pengurangan | I5: Saldo Per 30 Mei 2026 | K5: Hasil Stock Opname | N5: Selisih | P5: Keterangan
C7: Jumlah | D7: Nilai Persediaan (Rp) | E7: =C7 -> Jumlah | F7: =D7 -> Nilai Persediaan (Rp) | G7: =E7 -> Jumlah | H7: =F7 -> Nilai Persediaan (Rp) | I7: =G7 -> Jumlah | J7: =H7 -> Nilai Persediaan (Rp) | K7: =I7 -> Jumlah | L7: =J7 -> Nilai Persediaan (Rp) | M7: *Kondisi | N7: Jumlah | O7: Nilai Persediaan (Rp)
A9: 1 | B9: 2 | C9: 3 | D9: 4 | E9: 5 | F9: 6 | G9: 7 | H9: 8 | I9: 9 (3+5-7) | J9: 10 (4+6-8) | K9: 11 | L9: 12 | M9: 13 | N9: 14 (9-11) | O9: 15 (10-12) | P9: 16
A10: 1 | B10: Kertas NCR Top | C10: ='KB Mei'!F621 -> 3 | D10: ='KB Mei'!G621 -> 225000 | E10: ='KB Mei'!F622 -> 2 | F10: ='KB Mei'!G622 -> 177600 | G10: ='KB Mei'!F630 -> 2 | H10: ='KB Mei'!G630 -> 177600 | I10: ='KB Mei'!F623 -> 3 | J10: ='KB Mei'!G623 -> 225000 | K10: =I10 -> 3 | L10: =J10 -> 225000
A11: 2 | B11: Kertas HVS 70 gsm F4 | C11: ='KB Mei'!F677 -> 27 | D11: ='KB Mei'!G677 -> 1798200 | E11: ='KB Mei'!F678 -> 67 | F11: ='KB Mei'!G678 -> 3272280 | G11: ='KB Mei'!F686 -> 11 | H11: ='KB Mei'!G686 -> 608280 | I11: ='KB Mei'!F679 -> 83 | J11: ='KB Mei'!G679 -> 4462200 | K11: =I11 -> 83 | L11: =J11 -> 4462200
A12: 3 | B12: Kertas HVS 70 gsm A3 | C12: ='KB Mei'!F717 -> 1 | D12: ='KB Mei'!G717 -> 100000 | E12: ='KB Mei'!F718 -> 0 | F12: ='KB Mei'!G718 -> 0 | G12: ='KB Mei'!F726 -> 0 | H12: ='KB Mei'!G726 -> 0 | I12: ='KB Mei'!F719 -> 1 | J12: ='KB Mei'!G719 -> 100000 | K12: =I12 -> 1 | L12: =J12 -> 100000
A13: 4 | B13: Kertas HVS 70 gsm A4 | C13: ='KB Mei'!F768 -> 7 | D13: ='KB Mei'!G768 -> 396270 | E13: ='KB Mei'!F769 -> 147 | F13: ='KB Mei'!G769 -> 7032960 | G13: ='KB Mei'!F777 -> 72 | H13: ='KB Mei'!G777 -> 3697410 | I13: ='KB Mei'!F770 -> 82 | J13: ='KB Mei'!G770 -> 3731820 | K13: =I13 -> 82 | L13: =J13 -> 3731820
A14: 5 | B14: Kertas NCR Continuous 4 ply | C14: ='KB Mei'!F813 -> 0 | D14: ='KB Mei'!G813 -> 0 | E14: ='KB Mei'!F814 -> 0 | F14: ='KB Mei'!G814 -> 0 | G14: ='KB Mei'!F822 -> 0 | H14: ='KB Mei'!G822 -> 0 | I14: ='KB Mei'!F815 -> 0 | J14: ='KB Mei'!G815 -> 0 | K14: =I14 -> 0 | L14: =J14 -> 0
A15: 6 | B15: Kertas HVS 70 gsm F4 warna | C15: ='KB Mei'!F2685 -> 8 | D15: ='KB Mei'!G2685 -> 704000 | E15: ='KB Mei'!F2686 -> 0 | F15: ='KB Mei'!G2686 -> 0 | G15: ='KB Mei'!F2694 -> 0 | H15: ='KB Mei'!G2694 -> 0 | I15: ='KB Mei'!F2687 -> 8 | J15: ='KB Mei'!G2687 -> 704000 | K15: =I15 -> 8 | L15: =J15 -> 704000
A16: 7 | B16: Kertas NCR A4 | C16: ='KB Mei'!F2782 -> 9 | D16: ='KB Mei'!G2782 -> 324000 | E16: ='KB Mei'!F2783 -> 52 | F16: ='KB Mei'!G2783 -> 4213560 | G16: ='KB Mei'!F2791 -> 55 | H16: ='KB Mei'!G2791 -> 4321560 | I16: ='KB Mei'!F2784 -> 6 | J16: ='KB Mei'!G2784 -> 216000 | K16: =I16 -> 6 | L16: =J16 -> 216000
A17: 8 | B17: Kertas foto/A4 | C17: ='KB Mei'!F2874 -> 0 | D17: ='KB Mei'!G2874 -> 0 | E17: ='KB Mei'!F2875 -> 0 | F17: ='KB Mei'!G2875 -> 0 | G17: ='KB Mei'!F2883 -> 0 | H17: ='KB Mei'!G2883 -> 0 | I17: ='KB Mei'!F2876 -> 0 | J17: ='KB Mei'!G2876 -> 0 | K17: =I17 -> 0 | L17: =J17 -> 0
A18: 9 | B18: kertas gaji | C18: ='KB Mei'!F2904 -> 0 | D18: ='KB Mei'!G2904 -> 0 | E18: ='KB Mei'!F2905 -> 0 | F18: =O142855 -> 0 | G18: ='KB Mei'!F2913 -> 0 | H18: ='KB Mei'!G2913 -> 0 | I18: ='KB Mei'!F2906 -> 0 | J18: ='KB Mei'!G2906 -> 0 | K18: =I18 -> 0 | L18: =J18 -> 0
A19: 10 | B19: Kertas NCR Middle | C19: ='KB Mei'!F3586 -> 3 | D19: ='KB Mei'!G3586 -> 225000 | E19: ='KB Mei'!F3587 -> 2 | F19: ='KB Mei'!G3587 -> 155999.84 | G19: ='KB Mei'!F3595 -> 2 | H19: ='KB Mei'!G3595 -> 155999.84 | I19: ='KB Mei'!F3588 -> 3 | J19: ='KB Mei'!G3588 -> 225000 | K19: =I19 -> 3 | L19: =J19 -> 225000
A20: 11 | B20: Kertas NCR Botom | C20: ='KB Mei'!F3630 -> 3 | D20: ='KB Mei'!G3630 -> 225000 | E20: ='KB Mei'!F3631 -> 2 | F20: ='KB Mei'!G3631 -> 159999.16 | G20: ='KB Mei'!F3639 -> 2 | H20: ='KB Mei'!G3639 -> 159999.16 | I20: ='KB Mei'!F3632 -> 3 | J20: ='KB Mei'!G3632 -> 225000 | K20: =I20 -> 3 | L20: =J20 -> 225000
A21: 12 | B21: Kertas HVS 70 gsm A4 warna | C21: ='KB Mei'!F3667 -> 0 | D21: ='KB Mei'!G3667 -> 0 | E21: ='KB Mei'!F3668 -> 0 | F21: ='KB Mei'!G3668 -> 0 | G21: ='KB Mei'!F3676 -> 0 | H21: ='KB Mei'!G3676 -> 0 | I21: ='KB Mei'!F3669 -> 0 | J21: ='KB Mei'!G3669 -> 0 | K21: =I21 -> 0 | L21: =J21 -> 0
B23: Jumlah Alat Tulis Kantor | C23: =SUM(C10:C22) -> 61 | D23: =SUM(D10:D22) -> 3997470 | E23: =SUM(E10:E22) -> 272 | F23: =SUM(F10:F22) -> 15012399 | G23: =SUM(G10:G22) -> 144 | H23: =SUM(H10:H22) -> 9120849 | I23: =SUM(I10:I22) -> 189 | J23: =SUM(J10:J22) -> 9889020 | ... O23: =SUM(O10:O22) -> 0
M25: Pasuruan, 30 mei 2026
C26: Yang Diperiksa, | N26: Pemeriksa,
C27: Pembantu Pengurus Barang Pengguna | N27: Pejabat Penatausahaan Barang Pengguna
C30: MUSTOFA | H30: Mengetahui | N30: IIL ROSIAWATI,ST
C31: NIP. 1972060820070111020 | H31: Kepala Dinas Perumahan rakyat Dan Kawasan Permukiman | N31: NIP. 197905202010012024
H34: AKUNG NOVAJANTO SODIQ NUCH,ST.MT
H35: NIP.197211257003121006

Sheet KB Juni
B1: Kartu Barang
A3: 1 | B3: Nama Barang : | C3: Amplop putih 90 | N3: ATK
B4: Satuan : | C4: box | N4: =N3 -> ATK
N5: =N4 -> ATK
B6: Tanggal | C6: Harga Pembelian per satuan | D6: Jumlah Barang | G6: Nilai Penerimaan Barang Persediaan | N6: =N5 -> ATK
D7: Masuk | E7: Keluar | F7: Sisa | N7: =N6 -> ATK
B8: 46024 | C8: 27750 | D8: 2 | F8: =D8-E8 -> 2 | G8: =C8*D8 -> 55500 | N8: =N7 -> ATK
G9: =C9*D9 -> 0 | N9: =N8 -> ATK
G10: =C10*D10 -> 0 | N10: =N9 -> ATK
G11: =C11*D11 -> 0 | N11: =N10 -> ATK
G12: =C12*D12 -> 0 | N12: =N11 -> ATK
G13: =C13*D13 -> 0 | N13: =N12 -> ATK
G14: =C14*D14 -> 0 | N14: =N13 -> ATK
G15: =C15*D15 -> 0 | N15: =N14 -> ATK
G16: =C16*D16 -> 0 | N16: =N15 -> ATK
G17: =C17*D17 -> 0 | N17: =N16 -> ATK
G18: =C18*D18 -> 0 | N18: =N17 -> ATK
G19: =C19*D19 -> 0 | N19: =N18 -> ATK
G20: =C20*D20 -> 0 | N20: =N19 -> ATK
... G25: =C25*D25 -> 0 | N25: =N24 -> ATK
N26: =N25 -> ATK
N27: =N26 -> ATK
N28: =N27 -> ATK
N29: =N28 -> ATK
N30: =N29 -> ATK
N31: =N30 -> ATK
H32: 0 | I32: sekretariat | N32: =N31 -> ATK
H33: 0 | I33: Upt rusunawa | N33: =N32 -> ATK
H34: 0 | I34: Bidang perumahan | N34: =N33 -> ATK
H35: 1 | I35: Bidang Permukiman | N35: =N34 -> ATK
B36: Jumlah | D36: =SUM(D8:D35) -> 2 | E36: =SUM(E8:E35) -> 0 | F36: =D36-E36 -> 2 | G36: =SUM(G8:G31) -> 55500 | H36: 0 | I36: upt makam | N36: =N35 -> ATK
N37: =N36 -> ATK
B38: Keterangan | F38: Jumlah | G38: Nilai | N38: =N37 -> ATK
B39: Saldo Awal 2 Jan 2026 | F39: =D8 -> 2 | G39: =G8 -> 55500 | N39: =N38 -> ATK
B40: Nilai Penerimaan Barang Persediaan Tahun 2026 | F40: =D36-F39 -> 0 | G40: =G36-G39 -> 0 | N40: =N39 -> ATK
B41: Saldo Akhir 31 Maret 2026 | F41: =SUM(B44:B47) -> 2 | G41: =SUM(D44:E47) -> 55500 | N41: =N40 -> ATK
B42: Rincian: Metode Penilaian FIFO | N42: =N41 -> ATK
B43: Jumlah Barang | C43: Harga Satuan | D43: Nilai | N43: =N42 -> ATK
B44: =F36 -> 2 | C44: 27750 | D44: =B44*C44 -> 55500 | N44: =N43 -> ATK
N45: =N44 -> ATK
N46: =N45 -> ATK
N47: =N46 -> ATK
B48: Persediaan Yang Digunakan (Beban Persediaan) | F48: =F39+F40-F41 -> 0 | G48: =G39+G40-G41 -> 0 | N48: =N47 -> ATK
N49: =N48 -> ATK
B50: Kartu Barang | N50: =N49 -> ATK
N51: =N50 -> ATK
A52: 2 | B52: Nama Barang : | C52: ='Rekap Master'!B11 -> Amplop putih 104 | N52: ATK
B53: Satuan : | C53: box | N53: =N52 -> ATK
N54: =N53 -> ATK
B55: Tanggal | C55: Harga Pembelian per satuan | D55: Jumlah Barang | G55: Nilai Penerimaan Barang Persediaan | N55: =N54 -> ATK
D56: Masuk | E56: Keluar | F56: Sisa | N56: =N55 -> ATK
B57: =B8 -> 46024 | C57: 21800 | D57: 9 | E57: 0 | F57: =D57-E57 -> 9 | G57: =C57*D57 -> 196200 | N57: =N56 -> ATK
G58: =C58*D58 -> 0 | N58: =N57 -> ATK
G59: =C59*D59 -> 0 | N59: =N58 -> ATK
G60: =C60*D60 -> 0 | N60: =N59 -> ATK
G61: =C61*D61 -> 0 | N61: =N60 -> ATK
G62: =C62*D62 -> 0 | N62: =N61 -> ATK
G63: =C63*D63 -> 0 | N63: =N62 -> ATK
G64: =C64*D64 -> 0 | N64: =N63 -> ATK
G65: =C65*D65 -> 0 | N65: =N64 -> ATK
G66: =C66*D66 -> 0 | N66: =N65 -> ATK
G67: =C67*D67 -> 0 | N67: =N66 -> ATK
G68: =C68*D68 -> 0 | N68: =N67 -> ATK
N69: =N68 -> ATK
G70: =C70*D70 -> 0 | N70: =N69 -> ATK
G71: =C71*D71 -> 0 | N71: =N70 -> ATK
G72: =C72*D72 -> 0 | N72: =N71 -> ATK
G73: =C73*D73 -> 0 | N73: =N72 -> ATK
F74: =F73+D74-E74 -> 0 | G74: =C74*D74 -> 0 | N74: =N73 -> ATK
G75: =C75*D75 -> 0 | N75: =N74 -> ATK
G76: =C76*D76 -> 0 | H76: 0 | I76: sekretariat | N76: =N75 -> ATK
G77: =C77*D77 -> 0 | H77: 0 | I77: Upt rusunawa | N77: =N76 -> ATK
G78: =C78*D78 -> 0 | H78: 0 | I78: Bidang perumahan | N78: =N77 -> ATK
G79: =C79*D79 -> 0 | H79: 0 | I79: Bidang Permukiman | N79: =N78 -> ATK
B80: Jumlah | D80: =SUM(D57:D79) -> 9 | E80: =SUM(E57:E78) -> 0 | F80: =D80-E80 -> 9 | G80: =SUM(G57:G79) -> 196200 | H80: 0 | I80: upt makam | N80: =N79 -> ATK
N81: =N80 -> ATK
B82: Keterangan | F82: Jumlah | G82: Nilai | N82: =N81 -> ATK
B83: =B39 -> Saldo Awal 2 Jan 2026 | F83: =D57 -> 9 | G83: =G57 -> 196200 | N83: =N82 -> ATK
B84: =B40 -> Nilai Penerimaan Barang Persediaan Tahun 2026 | F84: =D80-F83 -> 0 | G84: =G80-G83 -> 0 | N84: =N83 -> ATK
B85: =B41 -> Saldo Akhir 31 Maret 2026 | F85: =SUM(B88:B90) -> 9 | G85: =SUM(D88:E91) -> 196200 | N85: =N84 -> ATK
B86: Rincian: Metode Penilaian FIFO | N86: =N85 -> ATK
B87: Jumlah Barang | C87: Harga Satuan | D87: Nilai | N87: =N86 -> ATK
B88: =F80 -> 9 | C88: 21800 | D88: =B88*C88 -> 196200 | N88: =N87 -> ATK
N89: =N88 -> ATK
N90: =N89 -> ATK
D91: =B91*C91 -> 0 | N91: =N90 -> ATK
B92: Persediaan Yang Digunakan (Beban Persediaan) | F92: =F83+F84-F85 -> 0 | G92: =G83+G84-G85 -> 0 | N92: =N91 -> ATK
N93: =N92 -> ATK
B94: Kartu Barang | N94: =N93 -> ATK
N95: =N94 -> ATK
A96: 3 | B96: Nama Barang : | C96: ='Rekap Master'!B12 -> Binderclips Joyko 260 | N96: ATK
B97: Satuan : | C97: pak | N97: =N96 -> ATK
N98: =N97 -> ATK
B99: Tanggal | C99: Harga Pembelian per satuan | D99: Jumlah Barang | G99: Nilai Penerimaan Barang Persediaan | N99: =N98 -> ATK
D100: Masuk | E100: Keluar | F100: Sisa | N100: =N99 -> ATK
B101: =B57 -> 46024 | C101: 22755 | D101: 7 | E101: 0 | F101: =D101-E101 -> 7 | G101: =C101*D101 -> 159285 | N101: =N100 -> ATK
G102: =C102*D102 -> 0 | N102: =N101 -> ATK
G103: =C103*D103 -> 0 | N103: =N102 -> ATK
G104: =C104*D104 -> 0 | N104: =N103 -> ATK
G105: =C105*D105 -> 0 | N105: =N104 -> ATK
...

Sheet Juni
A1: LAPORAN MUTASI BARANG PERSEDIAAN
A2: KERTAS DAN COVER
A3: DINAS PERUMAHAN RAKYAT DAN KAWASAN PERMUKIMAN
A5: No | B5: Rincian Nama Persediaan | C5: Saldo Per 1 Juni 2026 | E5: Penambahan | G5: Pengurangan | I5: Saldo Per 30 Juni 2026 | K5: Hasil Stock Opname | N5: Selisih | P5: Keterangan
C7: Jumlah | D7: Nilai Persediaan (Rp) | E7: =C7 -> Jumlah | F7: =D7 -> Nilai Persediaan (Rp) | G7: =E7 -> Jumlah | H7: =F7 -> Nilai Persediaan (Rp) | I7: =G7 -> Jumlah | J7: =H7 -> Nilai Persediaan (Rp) | K7: =I7 -> Jumlah | L7: =J7 -> Nilai Persediaan (Rp) | M7: *Kondisi | N7: Jumlah | O7: Nilai Persediaan (Rp)
A9: 1 | B9: 2 | C9: 3 | D9: 4 | E9: 5 | F9: 6 | G9: 7 | H9: 8 | I9: 9 (3+5-7) | J9: 10 (4+6-8) | K9: 11 | L9: 12 | M9: 13 | N9: 14 (9-11) | O9: 15 (10-12) | P9: 16
A10: 1 | B10: Kertas NCR Top | C10: ='KB Juni'!F621 -> 3 | D10: ='KB Juni'!G621 -> 225000 | E10: ='KB Juni'!F622 -> 0 | F10: ='KB Juni'!G622 -> 0 | G10: ='KB Juni'!F630 -> 0 | H10: ='KB Juni'!G630 -> 0 | I10: ='KB Juni'!F623 -> 3 | J10: ='KB Juni'!G623 -> 225000 | K10: =I10 -> 3 | L10: =J10 -> 225000
A11: 2 | B11: Kertas HVS 70 gsm F4 | C11: ='KB Juni'!F677 -> 83 | D11: ='KB Juni'!G677 -> 4462200 | E11: ='KB Juni'!F678 -> 0 | F11: ='KB Juni'!G678 -> 0 | G11: ='KB Juni'!F686 -> 4 | H11: ='KB Juni'!G686 -> 266400 | I11: ='KB Juni'!F679 -> 79 | J11: ='KB Juni'!G679 -> 4195800 | K11: =I11 -> 79 | L11: =J11 -> 4195800
A12: 3 | B12: Kertas HVS 70 gsm A3 | C12: ='KB Juni'!F717 -> 1 | D12: ='KB Juni'!G717 -> 100000 | E12: ='KB Juni'!F718 -> 0 | F12: ='KB Juni'!G718 -> 0 | G12: ='KB Juni'!F726 -> 0 | H12: ='KB Juni'!G726 -> 0 | I12: ='KB Juni'!F719 -> 1 | J12: ='KB Juni'!G719 -> 100000 | K12: =I12 -> 1 | L12: =J12 -> 100000
A13: 4 | B13: Kertas HVS 70 gsm A4 | C13: ='KB Juni'!F768 -> 82 | D13: ='KB Juni'!G768 -> 3731820 | E13: ='KB Juni'!F769 -> 29 | F13: ='KB Juni'!G769 -> 1319790 | G13: ='KB Juni'!F777 -> 26 | H13: ='KB Juni'!G777 -> 1183260 | I13: ='KB Juni'!F770 -> 85 | J13: ='KB Juni'!G770 -> 3868350 | K13: =I13 -> 85 | L13: =J13 -> 3868350
A14: 5 | B14: Kertas NCR Continuous 4 ply | C14: ='KB Juni'!F813 -> 0 | D14: ='KB Juni'!G813 -> 0 | E14: ='KB Juni'!F814 -> 43 | F14: ='KB Juni'!G814 -> 3102450 | G14: ='KB Juni'!F822 -> 43 | H14: ='KB Juni'!G822 -> 3102450 | I14: ='KB Juni'!F815 -> 0 | J14: ='KB Juni'!G815 -> 0 | K14: =I14 -> 0 | L14: =J14 -> 0
A15: 6 | B15: Kertas HVS 70 gsm F4 warna | C15: ='KB Juni'!F2685 -> 8 | D15: ='KB Juni'!G2685 -> 704000 | E15: ='KB Juni'!F2686 -> 0 | F15: ='KB Juni'!G2686 -> 0 | G15: ='KB Juni'!F2694 -> 0 | H15: ='KB Juni'!G2694 -> 0 | I15: ='KB Juni'!F2687 -> 8 | J15: ='KB Juni'!G2687 -> 704000 | K15: =I15 -> 8 | L15: =J15 -> 704000
A16: 7 | B16: Kertas NCR A4 | C16: ='KB Juni'!F2782 -> 6 | D16: ='KB Juni'!G2782 -> 216000 | E16: ='KB Juni'!F2783 -> 0 | F16: ='KB Juni'!G2783 -> 0 | G16: ='KB Juni'!F2791 -> 0 | H16: ='KB Juni'!G2791 -> 0 | I16: ='KB Juni'!F2784 -> 6 | J16: ='KB Juni'!G2784 -> 216000 | K16: =I16 -> 6 | L16: =J16 -> 216000
A17: 8 | B17: Kertas foto/A4 | C17: ='KB Juni'!F2874 -> 0 | D17: ='KB Juni'!G2874 -> 0 | E17: ='KB Juni'!F2875 -> 0 | F17: ='KB Juni'!G2875 -> 0 | G17: ='KB Juni'!F2883 -> 0 | H17: ='KB Juni'!G2883 -> 0 | I17: ='KB Juni'!F2876 -> 0 | J17: ='KB Juni'!G2876 -> 0 | K17: =I17 -> 0 | L17: =J17 -> 0
A18: 9 | B18: kertas gaji | C18: ='KB Juni'!F2904 -> 0 | D18: ='KB Juni'!G2904 -> 0 | E18: ='KB Juni'!F2905 -> 0 | F18: =O142855 -> 0 | G18: ='KB Juni'!F2913 -> 0 | H18: ='KB Juni'!G2913 -> 0 | I18: ='KB Juni'!F2906 -> 0 | J18: ='KB Juni'!G2906 -> 0 | K18: =I18 -> 0 | L18: =J18 -> 0
A19: 10 | B19: Kertas NCR Middle | C19: ='KB Juni'!F3586 -> 3 | D19: ='KB Juni'!G3586 -> 225000 | E19: ='KB Juni'!F3587 -> 0 | F19: ='KB Juni'!G3587 -> 0 | G19: ='KB Juni'!F3595 -> 0 | H19: ='KB Juni'!G3595 -> 0 | I19: ='KB Juni'!F3588 -> 3 | J19: ='KB Juni'!G3588 -> 225000 | K19: =I19 -> 3 | L19: =J19 -> 225000
A20: 11 | B20: Kertas NCR Botom | C20: ='KB Juni'!F3630 -> 3 | D20: ='KB Juni'!G3630 -> 225000 | E20: ='KB Juni'!F3631 -> 0 | F20: ='KB Juni'!G3631 -> 0 | G20: ='KB Juni'!F3639 -> 0 | H20: ='KB Juni'!G3639 -> 0 | I20: ='KB Juni'!F3632 -> 3 | J20: ='KB Juni'!G3632 -> 225000 | K20: =I20 -> 3 | L20: =J20 -> 225000
A21: 12 | B21: Kertas HVS 70 gsm A4 warna | C21: ='KB Juni'!F3667 -> 0 | D21: ='KB Juni'!G3667 -> 0 | E21: ='KB Juni'!F3668 -> 0 | F21: ='KB Juni'!G3668 -> 0 | G21: ='KB Juni'!F3676 -> 0 | H21: ='KB Juni'!G3676 -> 0 | I21: ='KB Juni'!F3669 -> 0 | J21: ='KB Juni'!G3669 -> 0 | K21: =I21 -> 0 | L21: =J21 -> 0
B23: Jumlah Alat Tulis Kantor | C23: =SUM(C10:C22) -> 189 | D23: =SUM(D10:D22) -> 9889020 | E23: =SUM(E10:E22) -> 72 | F23: =SUM(F10:F22) -> 4422240 | G23: =SUM(G10:G22) -> 73 | H23: =SUM(H10:H22) -> 4552110 | I23: =SUM(I10:I22) -> 188 | J23: =SUM(J10:J22) -> 9759150 | ... O23: =SUM(O10:O22) -> 0
M25: Pasuruan, 30 Juni 2026
C26: Yang Diperiksa, | N26: Pemeriksa,
C27: Pembantu Pengurus Barang Pengguna | N27: Pejabat Penatausahaan Barang Pengguna
C30: MUSTOFA | H30: Mengetahui | N30: IIL ROSIAWATI,ST
C31: NIP. 1972060820070111020 | H31: Kepala Dinas Perumahan rakyat Dan Kawasan Permukiman | N31: NIP. 197905202010012024
H34: AKUNG NOVAJANTO SODIQ NUCH,ST.MT
H35: NIP.197211257003121006

Sheet stoc
A2: No | B2: Rincian Nama Persediaan | C2: Satuan | D2: Jumlah | E2: Harga Satuan | F2: Nilai Persediaan (Rp)
A3: 1 | B3: 2 | D3: 3 | E3: 4 | F3: 5
A4: I | B4: ALAT/BAHAN KEGIATAN KANTOR -ALAT TULIS KANTOR | F4: =F5+F52+F63 -> 16797285
B5: ALAT TULIS KANTOR | F5: =SUM(F6:F51) -> 7760960 | H5: 7781000 | I5: =H5-F5 -> 20040
A6: 1 | B6: Amplop putih 90 | C6: box | D6: =Full!B44 -> 2 | E6: =Full!C44 -> 27750 | F6: =D6*E6 -> 55500
A7: 2 | B7: Amplop putih 104 | C7: box | D7: =Full!B88 -> 9 | E7: =Full!C88 -> 21800 | F7: =D7*E7 -> 196200
A8: 3 | B8: Binderclips Joyko 260 | C8: pak | D8: =Full!B129 -> 7 | E8: =Full!C129 -> 22755 | F8: =D8*E8 -> 159285
A9: 4 | B9: Binder Clips 107 | C9: pak | D9: =Full!B231 -> 3 | E9: =Full!C231 -> 11500 | F9: =D9*E9 -> 34500
A10: 5 | B10: Binderclips 200 | C10: pak | D10: =Full!B272 -> 5 | E10: =Full!C272 -> 14000 | F10: =D10*E10 -> 70000
A11: 6 | B11: Binderclips Joyko 111 | C11: pak | D11: =Full!B308 -> 1 | E11: =Full!C308 -> 7215 | F11: =D11*E11 -> 7215
A12: 7 | B12: Binderclips Joyko 155 | C12: pak | D12: =Full!B345 -> 0 | E12: =Full!C345 -> 18500 | F12: =D12*E12 -> 0
A13: 8 | B13: Ballpoint Tezo | C13: pak | D13: =Full!B391 -> 4 | E13: =Full!C391 -> 5500 | F13: =D13*E13 -> 22000
A14: 10 | B14: Odner bagus | C14: buah | D14: =Full!B901 -> 11 | E14: =Full!C901 -> 35000 | F14: =D14*E14 -> 385000
A15: 11 | B15: Penanda File Post-it | C15: pak | D15: =Full!B951 -> 4 | E15: =Full!C951 -> 7770 | F15: =D15*E15 -> 31080
A16: 12 | B16: Paperclip no 5 | C16: pak | D16: =Full!B1032 -> 3 | E16: =Full!C1032 -> 7300 | F16: =D16*E16 -> 21900
A17: 14 | B17: Trigonal clip no 3 | C17: pak | D17: =Full!B1080 -> 0 | E17: =Full!C1080 -> 10500 | F17: =D17*E17 -> 0
A18: 15 | B18: Stabillo Boss | C18: buah | D18: =Full!B1265 -> 9 | E18: =Full!C1265 -> 11000 | F18: =D18*E18 -> 99000
A19: 16 | B19: Clin holder 60 F4 Bantek | C19: buah | D19: =Full!B1297 -> 0 | E19: =Full!C1297 -> 98000 | F19: =D19*E19 -> 0
B20: Seples MaX HD -10 | C20: buah | D20: =Full!B1440 -> 2 | E20: =Full!C1440 -> 35520 | F20: =D20*E20 -> 71040
A21: 17 | B21: Spidol snoowman Boardmarker | C21: buah | D21: =Full!B1475 -> 5 | E21: =Full!C1475 -> 11000 | F21: =D21*E21 -> 55000
A22: 18 | B22: Spidol Boardmarker permanen | C22: buah | D22: =Full!B1512 -> 3 | E22: =Full!C1512 -> 10000 | F22: =D22*E22 -> 30000
A23: 19 | B23: Plakband hitam | C23: buah | D23: 3 | E23: 16000 | F23: =D23*E23 -> 48000
A24: 20 | B24: Penggaris besi big | C24: buah | D24: 1 | E24: 12500 | F24: =D24*E24 -> 12500
A25: 21 | B25: Dokumen keeper resleting | C25: buah | D25: 6 | E25: 94000 | F25: =D25*E25 -> 564000
A26: 22 | B26: Bolpoint Gel | C26: buah | D26: =Full!B1655 -> 1 | E26: =Full!C1655 -> 5000 | F26: =D26*E26 -> 5000
A27: 23 | B27: Mab bisnis file | C27: buah | D27: 150 | E27: 7000 | F27: =D27*E27 -> 1050000
A28: 24 | B28: Isi Staples MAX 10 | C28: doz | D28: 5 | E28: 40000 | F28: =D28*E28 -> 200000
A29: 25 | B29: Tiep Ex kertas ct-522 | C29: buah | D29: 6 | E29: 8000 | F29: =D29*E29 -> 48000
A30: 26 | B30: Dokumen keeper isi 60 | C30: buah | D30: =Full!B1849 -> 4 | E30: =Full!C1849 -> 93000 | F30: =D30*E30 -> 372000
A31: 27 | B31: Lem stik besar | C31: buah | D31: 2 | E31: 14000 | F31: =D31*E31 -> 28000
A32: 28 | B32: isi Staples Max HD-10 | C32: pak | D32: =Full!B2069 -> 5 | E32: =Full!C2069 -> 3500 | F32: =D32*E32 -> 17500
A33: 29 | B33: Isi Steples besar HD 03 | C33: pak | D33: =Full!B2165 -> 11 | E33: =Full!C2165 -> 6500 | F33: =D33*E33 -> 71500
A34: 30 | B34: Isi Steples besar 9/16 | C34: pak | D34: =Full!B2194 -> 4 | E34: =Full!C2194 -> 3100 | F34: =D34*E34 -> 12400
A35: 31 | B35: Plak band putih | C35: buah | D35: =Full!B2426 -> 5 | E35: =Full!C2426 -> 99900 | F35: =D35*E35 -> 499500
A36: 32 | B36: Ballpoint Bp 388 | C36: buah | D36: 33 | E36: 2500 | F36: =D36*E36 -> 82500
A37: 33 | B37: Pensil 2B | C37: buah | D37: =Full!B2629 -> 31 | E37: =Full!C2629 -> 4440 | F37: =D37*E37 -> 137640
A38: 34 | B38: Buku tulis 38 | C38: buah | D38: =Full!B2824 -> 10 | E38: =Full!C2824 -> 5550 | F38: =D38*E38 -> 55500
A39: 35 | B39: Portepel | C39: buah | D39: =Full!B2949 -> 45 | E39: =Full!C2949 -> 9100 | F39: =D39*E39 -> 409500
A40: 36 | B40: Map gantung folio | C40: buah | D40: 100 | E40: 6000 | F40: =D40*E40 -> 600000
A41: 37 | B41: Isolasi besar bening | C41: buah | D41: =Full!B3205 -> 11 | E41: =Full!C3205 -> 13900 | F41: =D41*E41 -> 152900
A42: 38 | B42: Buku Folio | C42: buah | D42: =Full!B3265 -> 3 | E42: =Full!C3265 -> 38000 | F42: =D42*E42 -> 114000
A43: 39 | B43: Box arsip | C43: buah | D43: =Full!B3295 -> 10 | E43: =Full!C3295 -> 56000 | F43: =D43*E43 -> 560000
A44: 40 | B44: Map kertas | C44: pak | D44: =Full!B3357 -> 13 | E44: =Full!C3357 -> 33000 | F44: =D44*E44 -> 429000
A45: 41 | B45: Map kancing | C45: buah | D45: =Full!B3423 -> 32 | E45: =Full!C3423 -> 5000 | F45: =D45*E45 -> 160000
A46: 42 | B46: Map L | C46: buah | D46: =Full!B3453 -> 0 | E46: =Full!C3453 -> 2200 | F46: =D46*E46 -> 0
A47: 43 | B47: Catridge Epson LX 310 | C47: buah | D47: =Full!B2560 -> 1 | E47: =Full!C2560 -> 124000 | F47: =D47*E47 -> 124000
A48: 44 | B48: Buku Agenda kerja | C48: buah | D48: =Full!B3387 -> 10 | E48: =Full!C3387 -> 67500 | F48: =D48*E48 -> 675000
A49: 45 | B49: Pot it MMS IP | C49: buah | D49: =Full!B3325 -> 6 | E49: =Full!C3325 -> 15800 | F49: =D49*E49 -> 94800
A52: II | B52: KERTAS DAN COVER | F52: =SUM(F54:F62) -> 4173665
F53: =D53*E53 -> 0
A54: 1 | B54: Kertas NCR Top | C54: rim | D54: =Full!B626 -> 3 | E54: =Full!C626 -> 75000 | F54: =D54*E54 -> 225000
A55: 2 | B55: Kertas HVS 70 gsm F4 | C55: rim | D55: =Full!B682 -> 32 | E55: =Full!C682 -> 66600 | F55: =D55*E55 -> 2131200
B56: Kertas HVS 70 gsm F4 | C56: rim | D56: =Full!B683 -> 0 | E56: =Full!C683 -> 0 | F56: =D56*E56 -> 0
A57: 3 | B57: Kertas HVS 70 gsm A3 | C57: rim | D57: =Full!B722 -> 1 | E57: =Full!C722 -> 100000 | F57: =D57*E57 -> 100000
A58: 4 | B58: Kertas HVS 70 gsm A4 | C58: rim | D58: =Full!B778 -> 7 | E58: =Full!C778 -> 60495 | F58: =D58*E58 -> 423465
A59: 5 | B59: Kertas HVS 70 gsm F4 warna | C59: rim | D59: =Full!B2695 -> 8 | E59: =Full!C2695 -> 88000 | F59: =D59*E59 -> 704000
A60: 6 | B60: Kertas NCR Middle | C60: rim | D60: =Full!B3596 -> 3 | E60: =Full!C3596 -> 75000 | F60: =D60*E60 -> 225000
A61: 7 | B61: Kertas NCR Botom | C61: rim | D61: =Full!B3640 -> 3 | E61: =Full!C3640 -> 75000 | F61: =D61*E61 -> 225000
A62: 8 | B62: Kertas HVS 70 gsm A4 warna | C62: rim | D62: =Full!B3677 -> 2 | E62: =Full!C3677 -> 70000 | F62: =D62*E62 -> 140000
B63: BAHAN KOMPUTER | F63: =SUM(F64:F75) -> 4862660
A64: 1 | B64: Lux 32 GB Type C | C64: unit | D64: =Full!B555 -> 0 | E64: =Full!C555 -> 175000 | F64: =D64*E64 -> 0
A65: 2 | B65: Tinta printer 664 hitam | C65: botol | D65: =Full!B1949 -> 1 | E65: =Full!C1949 -> 115000 | F65: =D65*E65 -> 115000
A66: 3 | B66: Tinta printer 664 warna | C66: botol | D66: =Full!B1989 -> 14 | E66: =Full!C1989 -> 115000 | F66: =D66*E66 -> 1610000
C67: botol | D67: =Full!B1990 -> 6 | E67: =Full!C1990 -> 96000 | F67: =D67*E67 -> 576000
B68: Flasdisk 16 GB | C68: buah | D68: =Full!B2022 -> 0 | E68: =Full!C2022 -> 0 | F68: =D68*E68 -> 0
A69: 3 | B69: Tinta Epson 003 Black | C69: botol | D69: =Full!B2361 -> 2 | E69: =Full!C2361 -> 114330 | F69: =D69*E69 -> 228660
A70: 4 | B70: Tinta Epson 003 color | C70: botol | D70: =Full!B2315 -> 13 | E70: 115000 | F70: =D70*E70 -> 1495000
A71: 5 | B71: Tinta HP GT52 warna | C71: botol | D71: =Full!B3484 -> 0 | E71: =Full!C3484 -> 0 | F71: =D71*E71 -> 0
C72: botol | D72: =Full!B3485 -> 6 | E72: =Full!C3485 -> 119000 | F72: =D72*E72 -> 714000
C73: botol | D73: =Full!B3486 -> 0 | E73: =Full!C3486 -> 0 | F73: =D73*E73 -> 0
B74: Tinta HP GT53 | C74: botol | D74: =Full!B3515 -> 0 | E74: =Full!C3515 -> 0 | F74: =D74*E74 -> 0
B75: Catridge EPSON LX -310 | C75: buah | D75: =Full!B2560 -> 1 | E75: =Full!C2560 -> 124000 | F75: =D75*E75 -> 124000
A76: III | B76: JUMLAH KESELURUHAN KOMPONEN ALAT LISTRIK TAHUN 2024 | F76: =F77+F121+F97+F132 -> 92940191
A77: A | B77: ALAT/BAHAN KEGIATAN KANTOR -ALAT LISTRIK SEKRETARIAT | F77: =SUM(F78:F96) -> 18714350
A78: 1 | B78: Lampu LED 8 watt | C78: buah | D78: =[1]lISTRIK!$B$29 -> 0 | E78: =[1]lISTRIK!$C$29 -> 50000 | F78: =D78*E78 -> 0
A79: 2 | B79: Lampu LED 13 watt | C79: buah | D79: =[1]lISTRIK!$B$66 -> 4 | E79: =[1]lISTRIK!$C$66 -> 61500 | F79: =D79*E79 -> 246000
A80: 3 | B80: Lampu LED 30 watt | C80: buah | D80: =[1]lISTRIK!$B$94 -> 2 | E80: =[1]lISTRIK!$C$94 -> 145000 | F80: =D80*E80 -> 290000
A81: 4 | B81: Fitting lampu | C81: buah | D81: =[1]lISTRIK!$B$125 -> 1 | E81: =[1]lISTRIK!$C$125 -> 10750 | F81: =D81*E81 -> 10750
A82: 5 | B82: Lampu LED 19 watt | C82: buah | D82: =[1]lISTRIK!$B$156 -> 2 | E82: =[1]lISTRIK!$C$156 -> 90000 | F82: =D82*E82 -> 180000
A83: 7 | B83: Lampu slang strip 5050 merah | C83: roll | D83: =[1]lISTRIK!$B$217 -> 2 | E83: =[1]lISTRIK!$C$217 -> 2200000 | F83: =D83*E83 -> 4400000
A84: 8 | B84: Steker | C84: buah | D84: =[1]lISTRIK!$B$246 -> 1 | E84: =[1]lISTRIK!$C$246 -> 19800 | F84: =D84*E84 -> 19800
A85: 9 | B85: Saklar Garda | C85: buah | D85: =[1]lISTRIK!$B$276 -> 1 | E85: =[1]lISTRIK!$C$276 -> 26000 | F85: =D85*E85 -> 26000
A86: 10 | B86: Saklar Tunggal | C86: buah | D86: =[1]lISTRIK!$B$305 -> 5 | E86: =[1]lISTRIK!$C$305 -> 25000 | F86: =D86*E86 -> 125000
A87: 11 | B87: Taspen | C87: buah | D87: =[1]lISTRIK!$B$335 -> 2 | E87: =[1]lISTRIK!$C$335 -> 40000 | F87: =D87*E87 -> 80000
A88: 12 | B88: Stop kontak | C88: buah | D88: =[1]lISTRIK!$B$364 -> 2 | E88: =[1]lISTRIK!$C$364 -> 63900 | F88: =D88*E88 -> 127800
A89: 13 | B89: MCB 6A | C89: buah | D89: =[1]lISTRIK!$B$394 -> 2 | E89: =[1]lISTRIK!$C$394 -> 54000 | F89: =D89*E89 -> 108000
A90: 14 | B90: Kabel NYY 2X 1,5 mm | C90: m | D90: =[1]lISTRIK!$B$424 -> 100 | E90: =[1]lISTRIK!$C$424 -> 12000 | F90: =D90*E90 -> 1200000
A91: 15 | B91: Kabel RG 6 / CCTV | C91: roll | D91: =[1]lISTRIK!$B$453 -> 12 | E91: =[1]lISTRIK!$C$453 -> 950000 | F91: =D91*E91 -> 11400000
A92: 16 | B92: Baterai Panasonic ALK AA | C92: pak | D92: =[1]lISTRIK!$B$486 -> 2 | E92: =[1]lISTRIK!$C$486 -> 15500 | F92: =D92*E92 -> 31000
A93: 17 | B93: Baterai Panasonic ALK AAA | C93: pak | D93: =[1]lISTRIK!$B$515 -> 7 | E93: =[1]lISTRIK!$C$515 -> 17000 | F93: =D93*E93 -> 119000
A94: 18 | B94: Baterai Panasonic 9V | C94: buah | D94: =[1]lISTRIK!$B$545 -> 8 | E94: =[1]lISTRIK!$C$545 -> 13000 | F94: =D94*E94 -> 104000
A95: 19 | B95: Isolasi hitam | C95: buah | D95: =[1]lISTRIK!$B$574 -> 8 | E95: =[1]lISTRIK!$C$574 -> 15000 | F95: =D95*E95 -> 120000
A96: 20 | B96: Otomatis tandon Duppont | C96: buah | D96: =[1]lISTRIK!$B$634 -> 1 | E96: =[1]lISTRIK!$C$634 -> 127000 | F96: =D96*E96 -> 127000
A97: B | B97: JUMLAH ALAT LISTRIK BIDANG PERMUKIMAN ( PJL) | F97: =SUM(F98:F119) -> 54018250
A98: 1 | B98: Fiting Keramik (E-27) | C98: buah | D98: ='[2]BAHAN ALAT LISTRIK'!$B$30 -> 24 | E98: ='[2]BAHAN ALAT LISTRIK'!$C$30 -> 20000 | F98: =D98*E98 -> 480000
A99: 2 | B99: Isolasi band/ Electrical tape | C99: buah | D99: ='[2]BAHAN ALAT LISTRIK'!$B$66 -> 29 | E99: ='[2]BAHAN ALAT LISTRIK'!$C$66 -> 14000 | F99: =D99*E99 -> 406000
A100: 3 | B100: Service Wedge Clamp 2/4 x 6/10 mm | C100: buah | D100: ='[2]BAHAN ALAT LISTRIK'!$B$173 -> 75 | E100: ='[2]BAHAN ALAT LISTRIK'!$C$173 -> 12000 | F100: =D100*E100 -> 900000
A101: 4 | B101: MCB 25 Ampere | C101: buah | D101: ='[2]BAHAN ALAT LISTRIK'!$B$245 -> 2 | E101: ='[2]BAHAN ALAT LISTRIK'!$C$245 -> 110000 | F101: =D101*E101 -> 220000
A102: 5 | B102: Lampu LED 40 Watt | C102: buah | D102: ='[2]BAHAN ALAT LISTRIK'!$B$352 -> 64 | E102: ='[2]BAHAN ALAT LISTRIK'!$C$352 -> 175000 | F102: =D102*E102 -> 11200000
A103: 6 | B103: Kap Mercury ( E - 27 ) Kap Hijau | C103: buah | D103: ='[2]BAHAN ALAT LISTRIK'!$B$388 -> 54 | E103: ='[2]BAHAN ALAT LISTRIK'!$C$388 -> 15500 | F103: =D103*E103 -> 837000
...

Sheet Sheet1
A10: 1. Belanja alat/Bahan untuk kegiatan kantor ATK
A11: No | B11: Unit | C11: Jumlah Harga
A12: 1 | B12: Sekretariat | C12: 8415714
A13: 2 | B13: Bidang Permukiman | C13: 0
A14: 3 | B14: Bidang Perumahan | C14: 0
A15: 4 | B15: Upt Pemakaman | C15: 0
A16: 4 | B16: Upt Rusunawa | C16: 0
A17: Jumlah | C17: =SUM(C12:C16) -> 8415714
A19: 2. Belanja alat/Bahan untuk kegiatan kantor Kertas dan Cover
A20: No | B20: Unit | C20: Jumlah Harga
A21: 1 | B21: Sekretariat | C21: 3716000
A22: 2 | B22: Bidang Permukiman | C22: 0
A23: 3 | B23: Bidang Perumahan | C23: 0
A24: 4 | B24: Upt Pemakaman | C24: 0
A25: 4 | B25: Upt Rusunawa | C25: 0
A26: Jumlah | C26: =SUM(C21:C25) -> 3716000
A28: 3. Belanja alat/Bahan untuk kegiatan kantor Bahan Cetak
A29: No | B29: Unit | C29: Jumlah Harga
A30: 1 | B30: Sekretariat | C30: 5820740.8
A31: 2 | B31: Bidang Permukiman | C31: 0
A32: 3 | B32: Bidang Perumahan | C32: 0
A33: 4 | B33: Upt Pemakaman
A34: 4 | B34: Upt Rusunawa | C34: 0
A35: Jumlah | C35: =SUM(C30:C34) -> 5820740.8
A37: 4. Belanja alat/Bahan untuk kegiatan kantor Bahan Komputer
A38: No | B38: Unit | C38: Jumlah Harga
A39: 1 | B39: Sekretariat | C39: 7427890
A40: 2 | B40: Bidang Permukiman | C40: 0
A41: 3 | B41: Bidang Perumahan | C41: 0
A42: 4 | B42: Upt Pemakaman
A43: 4 | B43: Upt Rusunawa | C43: 0
A44: Jumlah | C44: =SUM(C39:C43) -> 7427890
A46: 5. Belanja alat/Bahan untuk kegiatan kantor Benda Pos
A47: No | B47: Unit | C47: Jumlah Harga
A48: 1 | B48: Sekretariat | C48: 200000
A49: 2 | B49: Bidang Permukiman | C49: 0
A50: 3 | B50: Bidang Perumahan | C50: 0
A51: 4 | B51: Upt Pemakaman
A52: 4 | B52: Upt Rusunawa | C52: 0
A53: Jumlah | C53: =SUM(C48:C52) -> 200000
A55: 6. Belanja Makanan dan Minuman Rapat
A56: No | B56: Unit | C56: Jumlah Harga
A57: 1 | B57: Sekretariat | C57: 0
A58: 2 | B58: Bidang Permukiman | C58: 0
A59: 3 | B59: Bidang Perumahan
A60: 4 | B60: Upt Pemakaman
A61: 4 | B61: Upt Rusunawa | C61: 0
A62: Jumlah | C62: =SUM(C57:C61) -> 0
A64: 7. Belanja Makanan dan Minuman Jamuan Tamu
A65: No | B65: Unit | C65: Jumlah Harga
A66: 1 | B66: Sekretariat
A67: 2 | B67: Bidang Permukiman | C67: 0
A68: 3 | B68: Bidang Perumahan
A69: 4 | B69: Upt Pemakaman
A70: 4 | B70: Upt Rusunawa | C70: 0
A71: Jumlah | C71: =SUM(C66:C70) -> 0
A73: 8. Belanja Bahan-bahan Kimia
A74: No | B74: Unit | C74: Jumlah Harga
A75: 1 | B75: Sekretariat | C75: 0
A76: 2 | B76: Bidang Permukiman | C76: 0
A77: 3 | B77: Bidang Perumahan | C77: 0
A78: 4 | B78: Upt Pemakaman
A79: 4 | B79: Upt Rusunawa | C79: 0
A80: Jumlah
A82: 9. Belanja Natuna dan Pakan Natuna
A83: No | B83: Unit | C83: Jumlah Harga
A84: 1 | B84: Sekretariat
A85: 2 | B85: Bidang Permukiman | C85: 0
A86: 3 | B86: Bidang Perumahan | C86: 0
A87: 4 | B87: Upt Pemakaman
A88: 4 | B88: Upt Rusunawa | C88: 0
A89: Jumlah | C89: =SUM(C84:C88) -> 0
A91: 10. Belanja Bahan isi Tabung
A92: No | B92: Unit | C92: Jumlah Harga
A93: 1 | B93: Sekretariat
A94: 2 | B94: Bidang Permukiman | C94: 0
A95: 3 | B95: Bidang Perumahan | C95: 0
A96: 4 | B96: Upt Pemakaman
A97: 4 | B97: Upt Rusunawa | C97: 0
A98: Jumlah | C98: =SUM(C93:C97) -> 0
A100: 11.Belanja Alat/Bahan Kegiatan Kantor Perabot kantor
A101: No | B101: Unit | C101: Jumlah Harga
A102: 1 | B102: Sekretariat | C102: 6870700
A103: 2 | B103: Bidang Permukiman | C103: 0
A104: 3 | B104: Bidang Perumahan | C104: 0
A105: 4 | B105: Upt Pemakaman
A106: 4 | B106: Upt Rusunawa | C106: 0
A107: Jumlah | C107: =SUM(C102:C106) -> 6870700
A109: 12.Belanja Alat/Bahan Kegiatan Kantor Alat Listrik
A110: No | B110: Unit | C110: Jumlah Harga
A111: 1 | B111: Sekretariat | C111: 19524770
A112: 2 | B112: Bidang Permukiman | C112: 46142873
A113: 4 | B113: Upt Pemakaman | C113: 8508400
A114: 4 | B114: Upt Rusunawa | C114: 28351432
A115: Jumlah | C115: =SUM(C111:C114) -> 102527475
A117: 13. Belanja Langganan Surat Kabar/majalah
A118: No | B118: Unit | C118: Jumlah Harga
A119: 1 | B119: Sekretariat | C119: 0
A120: 2 | B120: Bidang Permukiman | C120: 0
A121: 3 | B121: Bidang Perumahan | C121: 0
...

Sheet Rekap Ade Rumus
B2: Amplop putih 90 | C2: ATK
B3: Amplop putih 104 | C3: ATK
B4: Binderclips Joyko 260 | C4: ATK
B5: Binder Clips 107 | C5: ATK
B6: Binderclips 200 | C6: ATK
B7: Binderclips Joyko 111 | C7: ATK
B8: Binderclips Joyko 155 | C8: ATK
B9: Ballpoint Tezo | C9: ATK
B10: Kwitansi kecil | C10: ATK
B11: Kwitansi tanggung | C11: ATK
B12: Cutter L-500 | C12: ATK
B13: Cutter A-300 | C13: ATK
... B91: Kertas HVS 70 gsm A4 warna | C91: Kertas
B92: ='Rekap Master'!B106 -> Hang map | C92: Komputer
B93: Pita Printer LX-300 | C93: Komputer
B94: Tinta printer Epson black 70 ml | C94: Komputer
B95: Tinta printer Epson warna | C95: Komputer
B96: Tinta printer 664 hitam | C96: Komputer
B97: Tinta printer 664 warna | C97: Komputer
B98: Flashdisk 16 Gb | C98: Komputer
B99: Tinta Epson 003 color | C99: Komputer
B100: Tinta Epson 003 black | C100: Komputer
B101: pita printer Lq-2190 | C101: Komputer
B102: Tinta Stempel | C102: Komputer
B103: Tinta HP GT52 warna | C103: Komputer
B104: Tinta HP GT53 | C104: Komputer
... B106: Mouse wireies | C106: Komputer
